indice_tiempo,rem_bruta_asal_agricultura_ganaderia_caza_silvicultura,rem_bruta_asal_pesca,rem_bruta_asal_explotacion_minas_canteras,rem_bruta_asal_industrias_manufactureras,rem_bruta_asal_suministro_electricidad_gas_agua,rem_bruta_asal_construccion,rem_bruta_asal_comercio_reparaciones,rem_bruta_asal_hoteles_restaurantes,rem_bruta_asal_transporte_almacenamiento_comunicaciones,rem_bruta_asal_intermediacion_financiera,rem_bruta_asal_acti_inmobiliarias_empresariales_alquiler,rem_bruta_asal_ensenianza,rem_bruta_asal_servicios_sociales_salud,rem_bruta_asal_otras_acti_comunitarias_soc_personales,rem_bruta_asal_total
1995-01-01,409.0,1204.0,1907.0,1030.0,1938.0,592.0,707.0,526.0,1101.0,1671.0,724.0,,787.0,770.0,885.0
1995-02-01,418.0,1245.0,1822.0,906.0,1713.0,581.0,666.0,511.0,1062.0,1661.0,684.0,,744.0,738.0,826.0
1995-03-01,435.0,1261.0,1773.0,919.0,1815.0,592.0,660.0,507.0,1122.0,1589.0,668.0,,730.0,733.0,826.0
1995-04-01,394.0,1216.0,1808.0,891.0,1550.0,572.0,650.0,509.0,1040.0,1547.0,667.0,527.0,727.0,718.0,785.0
1995-05-01,395.0,1174.0,1848.0,920.0,1531.0,600.0,648.0,510.0,1049.0,1561.0,678.0,528.0,731.0,727.0,800.0
1995-06-01,589.0,1386.0,2702.0,1398.0,2274.0,846.0,975.0,739.0,1550.0,2393.0,1001.0,729.0,1090.0,1079.0,1206.0
1995-07-01,415.0,1177.0,1792.0,934.0,1494.0,590.0,646.0,505.0,1035.0,1543.0,678.0,530.0,738.0,721.0,810.0
1995-08-01,419.0,1190.0,1790.0,917.0,1470.0,599.0,648.0,508.0,1028.0,1564.0,679.0,525.0,736.0,721.0,806.0
1995-09-01,417.0,1187.0,1821.0,901.0,1566.0,589.0,654.0,496.0,1080.0,1599.0,673.0,524.0,735.0,723.0,807.0
1995-10-01,415.0,1234.0,1834.0,918.0,1493.0,592.0,650.0,506.0,1052.0,1563.0,678.0,522.0,734.0,742.0,809.0
1995-11-01,416.0,1223.0,1855.0,926.0,1522.0,599.0,651.0,502.0,1038.0,1689.0,675.0,527.0,731.0,731.0,814.0
1995-12-01,588.0,1515.0,2897.0,1487.0,2318.0,922.0,993.0,745.0,1612.0,2447.0,1033.0,751.0,1104.0,1110.0,1255.0
1996-01-01,396.0,1182.0,1958.0,1034.0,1834.0,624.0,698.0,534.0,1109.0,1731.0,734.0,535.0,783.0,776.0,864.0
1996-02-01,398.0,1234.0,1910.0,937.0,1614.0,608.0,674.0,515.0,1073.0,1703.0,684.0,533.0,752.0,736.0,816.0
1996-03-01,392.0,1307.0,1887.0,928.0,1775.0,605.0,653.0,498.0,1106.0,1650.0,682.0,521.0,733.0,728.0,808.0
1996-04-01,396.0,1188.0,1894.0,934.0,1535.0,604.0,656.0,498.0,1041.0,1578.0,668.0,523.0,731.0,719.0,797.0
1996-05-01,389.0,1303.0,2028.0,944.0,1509.0,624.0,655.0,509.0,1038.0,1581.0,675.0,523.0,734.0,723.0,805.0
1996-06-01,549.0,1386.0,2796.0,1389.0,2172.0,844.0,966.0,727.0,1535.0,2367.0,974.0,726.0,1089.0,1068.0,1173.0
1996-07-01,391.0,1162.0,1890.0,951.0,1503.0,596.0,656.0,501.0,1024.0,1578.0,669.0,526.0,747.0,713.0,801.0
1996-08-01,391.0,1189.0,1849.0,946.0,1524.0,593.0,656.0,511.0,1040.0,1634.0,673.0,529.0,741.0,712.0,802.0
1996-09-01,387.0,1249.0,1922.0,929.0,1582.0,565.0,659.0,496.0,1084.0,1698.0,666.0,527.0,751.0,716.0,804.0
1996-10-01,393.0,1219.0,1863.0,955.0,1585.0,595.0,659.0,504.0,1043.0,1639.0,674.0,528.0,748.0,718.0,807.0
1996-11-01,390.0,1354.0,1929.0,947.0,1506.0,595.0,653.0,496.0,1021.0,1620.0,670.0,529.0,738.0,737.0,800.0
1996-12-01,552.0,1470.0,2905.0,1499.0,2304.0,827.0,984.0,725.0,1543.0,2503.0,984.0,746.0,1105.0,1077.0,1207.0
1997-01-01,404.0,1146.0,2068.0,1031.0,1829.0,580.0,699.0,518.0,1086.0,1776.0,713.0,528.0,795.0,761.0,851.0
1997-02-01,405.0,1180.0,1907.0,926.0,1646.0,545.0,675.0,509.0,1038.0,1773.0,688.0,528.0,754.0,730.0,803.0
1997-03-01,405.0,1186.0,1916.0,935.0,1770.0,565.0,663.0,502.0,1070.0,1631.0,683.0,524.0,745.0,727.0,801.0
1997-04-01,401.0,1296.0,1979.0,936.0,1640.0,575.0,663.0,495.0,1001.0,1618.0,667.0,522.0,740.0,720.0,793.0
1997-05-01,394.0,1251.0,2162.0,941.0,1516.0,577.0,665.0,504.0,1010.0,1606.0,674.0,522.0,745.0,729.0,799.0
1997-06-01,558.0,1464.0,2826.0,1399.0,2295.0,781.0,986.0,724.0,1477.0,2473.0,972.0,728.0,1101.0,1069.0,1169.0
1997-07-01,398.0,1191.0,1913.0,947.0,1525.0,569.0,668.0,503.0,999.0,1622.0,673.0,523.0,753.0,732.0,798.0
1997-08-01,396.0,1086.0,1878.0,926.0,1526.0,549.0,663.0,510.0,986.0,1718.0,672.0,520.0,746.0,725.0,791.0
1997-09-01,400.0,1209.0,1954.0,939.0,1608.0,557.0,672.0,496.0,1025.0,1647.0,672.0,525.0,751.0,747.0,801.0
1997-10-01,404.0,1228.0,2019.0,984.0,1565.0,596.0,672.0,501.0,975.0,1720.0,692.0,525.0,749.0,734.0,816.0
1997-11-01,397.0,1181.0,1946.0,925.0,1527.0,545.0,666.0,495.0,1007.0,1712.0,668.0,527.0,744.0,733.0,793.0
1997-12-01,559.0,1476.0,2981.0,1494.0,2333.0,814.0,1006.0,722.0,1522.0,2573.0,1001.0,730.0,1116.0,1103.0,1206.0
1998-01-01,409.0,971.0,2100.0,1035.0,1891.0,572.0,720.0,520.0,1096.0,1779.0,722.0,517.0,799.0,782.0,854.0
1998-02-01,410.0,1116.0,2013.0,932.0,1690.0,553.0,693.0,507.0,1035.0,1849.0,694.0,526.0,767.0,743.0,810.0
1998-03-01,419.0,1358.0,2295.0,951.0,1862.0,570.0,681.0,504.0,1052.0,1781.0,702.0,527.0,751.0,740.0,817.0
1998-04-01,405.0,1331.0,2059.0,958.0,1704.0,567.0,683.0,505.0,1007.0,1704.0,687.0,531.0,753.0,735.0,807.0
1998-05-01,400.0,1363.0,2005.0,941.0,1617.0,564.0,676.0,510.0,1009.0,1660.0,684.0,531.0,754.0,736.0,800.0
1998-06-01,570.0,1617.0,2994.0,1424.0,2312.0,798.0,1011.0,729.0,1504.0,2528.0,983.0,740.0,1114.0,1083.0,1182.0
1998-07-01,398.0,1318.0,2084.0,957.0,1537.0,581.0,679.0,502.0,1012.0,1670.0,683.0,531.0,763.0,736.0,805.0
1998-08-01,401.0,1312.0,1985.0,940.0,1574.0,564.0,678.0,511.0,1017.0,1745.0,680.0,531.0,759.0,732.0,802.0
1998-09-01,403.0,1288.0,2021.0,940.0,1598.0,575.0,680.0,495.0,1046.0,1675.0,675.0,532.0,760.0,748.0,803.0
1998-10-01,405.0,1460.0,2100.0,973.0,1564.0,613.0,680.0,504.0,1032.0,1726.0,700.0,532.0,763.0,741.0,818.0
1998-11-01,400.0,1399.0,2028.0,940.0,1590.0,562.0,680.0,497.0,1023.0,1751.0,680.0,535.0,760.0,737.0,802.0
1998-12-01,567.0,1503.0,3067.0,1512.0,2450.0,834.0,1028.0,732.0,1569.0,2578.0,1016.0,765.0,1162.0,1126.0,1225.0
1999-01-01,408.0,1162.0,2300.0,1024.0,1886.0,586.0,731.0,526.0,1107.0,1798.0,728.0,539.0,785.0,789.0,857.0
1999-02-01,413.0,1275.0,2207.0,941.0,1720.0,559.0,703.0,513.0,1051.0,1909.0,699.0,537.0,786.0,762.0,821.0
1999-03-01,418.0,1279.0,2011.0,971.0,1911.0,585.0,696.0,512.0,1067.0,1801.0,701.0,533.0,775.0,761.0,826.0
1999-04-01,408.0,1390.0,2124.0,970.0,1716.0,572.0,684.0,506.0,1018.0,1779.0,691.0,540.0,762.0,752.0,814.0
1999-05-01,400.0,1339.0,1960.0,949.0,1568.0,573.0,681.0,508.0,1028.0,1693.0,694.0,537.0,765.0,754.0,804.0
1999-06-01,576.0,1502.0,3355.0,1424.0,2300.0,805.0,1023.0,731.0,1518.0,2497.0,995.0,754.0,1146.0,1127.0,1189.0
1999-07-01,403.0,1329.0,1974.0,955.0,1563.0,570.0,685.0,505.0,1030.0,1667.0,694.0,539.0,773.0,759.0,807.0
1999-08-01,404.0,1352.0,1994.0,950.0,1589.0,571.0,684.0,508.0,1023.0,1755.0,692.0,535.0,766.0,753.0,807.0
1999-09-01,400.0,1143.0,2003.0,951.0,1617.0,568.0,687.0,493.0,1047.0,1761.0,689.0,538.0,766.0,772.0,810.0
1999-10-01,404.0,1190.0,2028.0,981.0,1575.0,597.0,686.0,500.0,1005.0,1697.0,708.0,538.0,764.0,763.0,815.0
1999-11-01,398.0,1231.0,1969.0,963.0,1588.0,583.0,687.0,497.0,1023.0,1746.0,694.0,537.0,762.0,760.0,809.0
1999-12-01,564.0,1451.0,3055.0,1515.0,2391.0,847.0,1036.0,726.0,1569.0,2604.0,1023.0,765.0,1158.0,1155.0,1225.0
2000-01-01,403.0,1052.0,2246.0,1056.0,1908.0,599.0,735.0,522.0,1114.0,1929.0,735.0,540.0,823.0,801.0,871.0
2000-02-01,408.0,1243.0,2132.0,977.0,1734.0,582.0,701.0,505.0,1071.0,1961.0,709.0,538.0,786.0,769.0,834.0
2000-03-01,407.0,1674.0,2386.0,1009.0,1874.0,592.0,691.0,505.0,1075.0,1901.0,710.0,534.0,768.0,765.0,840.0
2000-04-01,390.0,1626.0,2279.0,984.0,1725.0,578.0,698.0,500.0,1033.0,1899.0,711.0,540.0,762.0,760.0,828.0
2000-05-01,391.0,1479.0,1996.0,970.0,1604.0,583.0,684.0,505.0,1031.0,1743.0,705.0,538.0,764.0,767.0,813.0
2000-06-01,550.0,1770.0,2998.0,1439.0,2329.0,814.0,1019.0,722.0,1523.0,2569.0,1011.0,750.0,1134.0,1145.0,1193.0
2000-07-01,387.0,1247.0,2030.0,965.0,1565.0,563.0,682.0,499.0,1046.0,1700.0,713.0,540.0,785.0,766.0,812.0
2000-08-01,391.0,1480.0,1985.0,970.0,1590.0,568.0,683.0,504.0,1044.0,1775.0,709.0,536.0,765.0,763.0,815.0
2000-09-01,386.0,1187.0,2010.0,955.0,1631.0,553.0,683.0,490.0,1060.0,1822.0,704.0,537.0,764.0,772.0,813.0
2000-10-01,395.0,1394.0,2070.0,986.0,1597.0,584.0,679.0,492.0,1050.0,1735.0,721.0,537.0,760.0,757.0,819.0
2000-11-01,388.0,1309.0,1964.0,949.0,1603.0,551.0,676.0,489.0,1037.0,1751.0,703.0,540.0,764.0,754.0,803.0
2000-12-01,547.0,1790.0,2970.0,1487.0,2359.0,811.0,1019.0,710.0,1567.0,2653.0,1036.0,775.0,1141.0,1139.0,1211.0
2001-01-01,393.0,1227.0,2237.0,1069.0,1908.0,582.0,730.0,507.0,1120.0,1951.0,747.0,552.0,825.0,793.0,872.0
2001-02-01,403.0,1094.0,2171.0,967.0,1726.0,547.0,707.0,498.0,1086.0,2042.0,717.0,551.0,792.0,769.0,835.0
2001-03-01,400.0,1424.0,2096.0,1002.0,1866.0,567.0,696.0,494.0,1082.0,2135.0,720.0,546.0,772.0,765.0,844.0
2001-04-01,396.0,1547.0,1978.0,979.0,1791.0,575.0,699.0,496.0,1053.0,1789.0,713.0,551.0,775.0,762.0,822.0
2001-05-01,387.0,1671.0,2431.0,976.0,1610.0,584.0,683.0,492.0,1036.0,1760.0,707.0,551.0,769.0,757.0,818.0
2001-06-01,541.0,1820.0,2999.0,1419.0,2323.0,789.0,1007.0,699.0,1504.0,2650.0,1018.0,749.0,1139.0,1125.0,1182.0
2001-07-01,389.0,1278.0,2004.0,951.0,1553.0,559.0,673.0,487.0,1032.0,1741.0,704.0,550.0,768.0,749.0,803.0
2001-08-01,389.0,1896.0,2046.0,949.0,1573.0,564.0,672.0,492.0,1017.0,1917.0,704.0,539.0,781.0,744.0,809.0
2001-09-01,383.0,2124.0,1972.0,928.0,1633.0,556.0,670.0,476.0,1040.0,1734.0,697.0,544.0,766.0,757.0,800.0
2001-10-01,390.0,1915.0,2139.0,969.0,1569.0,603.0,670.0,476.0,1027.0,1770.0,687.0,540.0,767.0,744.0,809.0
2001-11-01,388.0,1718.0,2032.0,957.0,1570.0,590.0,665.0,476.0,1024.0,1757.0,698.0,540.0,762.0,744.0,805.0
2001-12-01,551.0,2134.0,3056.0,1465.0,2353.0,862.0,999.0,691.0,1503.0,2754.0,1017.0,763.0,1129.0,1116.0,1201.0
2002-01-01,402.0,1465.0,2299.0,1019.0,1800.0,662.0,700.0,500.0,1066.0,1974.0,733.0,552.0,804.0,784.0,856.0
2002-02-01,414.0,1361.0,2331.0,971.0,1809.0,660.0,688.0,494.0,1070.0,2238.0,725.0,544.0,779.0,772.0,852.0
2002-03-01,405.0,1561.0,2740.0,977.0,1788.0,658.0,686.0,488.0,1062.0,1801.0,739.0,539.0,762.0,766.0,839.0
2002-04-01,398.0,1977.0,2322.0,1007.0,1751.0,666.0,673.0,493.0,1044.0,1815.0,730.0,540.0,759.0,763.0,837.0
2002-05-01,396.0,2308.0,2620.0,1008.0,1625.0,698.0,678.0,489.0,1025.0,1846.0,723.0,535.0,754.0,765.0,840.0
2002-06-01,559.0,2744.0,3238.0,1454.0,2328.0,929.0,996.0,692.0,1505.0,2713.0,1043.0,714.0,1116.0,1118.0,1205.0
2002-07-01,411.0,2241.0,2520.0,1061.0,1634.0,713.0,705.0,511.0,1072.0,1837.0,753.0,553.0,777.0,790.0,869.0
2002-08-01,431.0,2406.0,2408.0,1052.0,1639.0,694.0,705.0,521.0,1068.0,1867.0,758.0,542.0,786.0,795.0,867.0
2002-09-01,436.0,1939.0,2471.0,1055.0,1691.0,696.0,710.0,506.0,1078.0,1834.0,757.0,539.0,786.0,806.0,869.0
2002-10-01,451.0,2139.0,2867.0,1121.0,1696.0,733.0,730.0,521.0,1099.0,1914.0,781.0,542.0,804.0,810.0,902.0
2002-11-01,452.0,2016.0,2560.0,1086.0,1700.0,690.0,724.0,520.0,1098.0,1924.0,762.0,544.0,801.0,815.0,886.0
2002-12-01,633.0,2608.0,3870.0,1699.0,2549.0,977.0,1075.0,749.0,1630.0,2798.0,1104.0,765.0,1182.0,1209.0,1317.0
2003-01-01,486.0,1813.0,2870.0,1228.0,2056.0,724.0,803.0,565.0,1157.0,2370.0,841.0,553.0,893.0,890.0,980.0
2003-02-01,511.0,1752.0,2817.0,1140.0,1937.0,718.0,787.0,557.0,1176.0,2227.0,815.0,554.0,846.0,860.0,947.0
2003-03-01,506.0,2168.0,3302.0,1182.0,2218.0,711.0,788.0,564.0,1187.0,2109.0,810.0,553.0,836.0,863.0,961.0
2003-04-01,494.0,2203.0,2756.0,1201.0,1908.0,705.0,780.0,562.0,1181.0,1981.0,798.0,558.0,842.0,868.0,948.0
2003-05-01,501.0,2254.0,2701.0,1172.0,1825.0,724.0,792.0,577.0,1164.0,1964.0,821.0,559.0,870.0,894.0,948.0
2003-06-01,718.0,2994.0,4135.0,1668.0,2600.0,960.0,1122.0,785.0,1654.0,2871.0,1140.0,763.0,1240.0,1257.0,1339.0
2003-07-01,588.0,2187.0,2986.0,1186.0,1829.0,714.0,811.0,582.0,1172.0,1954.0,839.0,561.0,925.0,904.0,968.0
2003-08-01,586.0,2203.0,2795.0,1180.0,1835.0,699.0,814.0,604.0,1203.0,2053.0,847.0,555.0,901.0,914.0,970.0
2003-09-01,603.0,2195.0,2778.0,1199.0,1919.0,716.0,829.0,606.0,1234.0,2017.0,842.0,565.0,941.0,951.0,986.0
2003-10-01,616.0,2237.0,2959.0,1262.0,1882.0,767.0,843.0,627.0,1291.0,2013.0,885.0,561.0,948.0,953.0,1019.0
2003-11-01,609.0,2105.0,2842.0,1248.0,1987.0,755.0,846.0,634.0,1269.0,2011.0,878.0,579.0,975.0,953.0,1013.0
2003-12-01,866.0,3035.0,4334.0,1994.0,2933.0,1075.0,1275.0,923.0,1852.0,3097.0,1265.0,804.0,1414.0,1420.0,1521.0
2004-01-01,637.0,1998.0,3260.0,1424.0,2394.0,832.0,965.0,714.0,1401.0,2632.0,975.0,588.0,1117.0,1081.0,1146.0
2004-02-01,658.0,2041.0,3295.0,1351.0,2304.0,824.0,965.0,727.0,1443.0,2623.0,970.0,603.0,1068.0,1057.0,1131.0
2004-03-01,674.0,2655.0,3741.0,1446.0,2538.0,872.0,956.0,729.0,1495.0,2483.0,975.0,602.0,1051.0,1056.0,1162.0
2004-04-01,652.0,2391.0,3036.0,1413.0,2277.0,853.0,951.0,734.0,1481.0,2219.0,973.0,608.0,1060.0,1045.0,1132.0
2004-05-01,647.0,2373.0,3138.0,1372.0,2067.0,838.0,931.0,732.0,1396.0,2179.0,981.0,605.0,1035.0,1036.0,1108.0
2004-06-01,905.0,3304.0,4430.0,1997.0,3085.0,1145.0,1363.0,1016.0,2036.0,3279.0,1353.0,840.0,1515.0,1500.0,1594.0
2004-07-01,655.0,1971.0,3006.0,1372.0,2084.0,818.0,932.0,717.0,1412.0,2149.0,971.0,631.0,1066.0,1030.0,1105.0
2004-08-01,655.0,2202.0,3029.0,1372.0,2064.0,817.0,933.0,725.0,1400.0,2260.0,962.0,643.0,1057.0,1024.0,1107.0
2004-09-01,662.0,2040.0,3025.0,1369.0,2183.0,815.0,937.0,710.0,1429.0,2181.0,973.0,648.0,1046.0,1038.0,1110.0
2004-10-01,662.0,2151.0,3284.0,1403.0,2102.0,861.0,941.0,723.0,1451.0,2216.0,973.0,650.0,1051.0,1030.0,1125.0
2004-11-01,669.0,2105.0,3045.0,1395.0,2188.0,853.0,941.0,717.0,1423.0,2158.0,971.0,655.0,1048.0,1026.0,1116.0
2004-12-01,961.0,2905.0,4824.0,2196.0,3179.0,1196.0,1389.0,1040.0,2166.0,3375.0,1398.0,942.0,1552.0,1530.0,1676.0
2005-01-01,709.0,1956.0,3948.0,1626.0,2590.0,903.0,1066.0,811.0,1616.0,2814.0,1083.0,693.0,1243.0,1169.0,1278.0
2005-02-01,715.0,2264.0,3642.0,1466.0,2507.0,876.0,1042.0,794.0,1568.0,2601.0,1058.0,705.0,1144.0,1119.0,1215.0
2005-03-01,721.0,2622.0,4201.0,1624.0,2781.0,934.0,1047.0,834.0,1649.0,2518.0,1078.0,709.0,1131.0,1129.0,1270.0
2005-04-01,705.0,2751.0,3699.0,1595.0,2546.0,1053.0,1054.0,836.0,1620.0,2286.0,1100.0,760.0,1155.0,1141.0,1263.0
2005-05-01,708.0,2903.0,3660.0,1550.0,2442.0,1046.0,1045.0,824.0,1649.0,2322.0,1085.0,758.0,1152.0,1132.0,1253.0
2005-06-01,966.0,3761.0,5296.0,2269.0,3355.0,1334.0,1505.0,1140.0,2360.0,3690.0,1514.0,1051.0,1722.0,1634.0,1794.0
2005-07-01,729.0,2394.0,3637.0,1587.0,2414.0,1001.0,1120.0,824.0,1664.0,2416.0,1137.0,759.0,1205.0,1169.0,1285.0
2005-08-01,745.0,2153.0,3661.0,1629.0,2429.0,1018.0,1173.0,848.0,1684.0,2493.0,1163.0,807.0,1193.0,1183.0,1316.0
2005-09-01,735.0,2128.0,3994.0,1714.0,2639.0,1085.0,1196.0,821.0,1732.0,2634.0,1214.0,826.0,1214.0,1204.0,1365.0
2005-10-01,809.0,2285.0,4023.0,1721.0,2590.0,1048.0,1201.0,869.0,1787.0,2455.0,1183.0,833.0,1264.0,1243.0,1371.0
2005-11-01,804.0,2626.0,4262.0,1752.0,2654.0,1103.0,1213.0,885.0,1812.0,2563.0,1224.0,844.0,1319.0,1264.0,1403.0
2005-12-01,1124.0,3730.0,6347.0,2725.0,3981.0,1521.0,1808.0,1306.0,2701.0,3854.0,1750.0,1246.0,1970.0,1897.0,2090.0
2006-01-01,825.0,2615.0,4684.0,1965.0,3413.0,1173.0,1301.0,1040.0,1967.0,3274.0,1317.0,866.0,1519.0,1378.0,1548.0
2006-02-01,833.0,3047.0,4752.0,1762.0,3094.0,1109.0,1278.0,1018.0,1946.0,3323.0,1271.0,882.0,1433.0,1328.0,1483.0
2006-03-01,834.0,3824.0,5123.0,1961.0,3466.0,1161.0,1278.0,1037.0,2030.0,2930.0,1304.0,953.0,1433.0,1348.0,1545.0
2006-04-01,817.0,3726.0,4283.0,1887.0,2979.0,1167.0,1282.0,1040.0,2099.0,2888.0,1308.0,978.0,1472.0,1389.0,1527.0
2006-05-01,880.0,4136.0,4875.0,1881.0,2882.0,1255.0,1313.0,1042.0,2076.0,2763.0,1354.0,973.0,1492.0,1394.0,1552.0
2006-06-01,1242.0,5173.0,6841.0,2785.0,4120.0,1710.0,1904.0,1480.0,2995.0,4092.0,1895.0,1400.0,2202.0,2031.0,2238.0
2006-07-01,916.0,4423.0,4564.0,1986.0,2990.0,1261.0,1325.0,1041.0,2114.0,2818.0,1373.0,985.0,1521.0,1425.0,1590.0
2006-08-01,933.0,4731.0,4605.0,2017.0,2945.0,1297.0,1376.0,1072.0,2143.0,2905.0,1416.0,991.0,1542.0,1460.0,1625.0
2006-09-01,924.0,3887.0,4936.0,2034.0,3213.0,1353.0,1395.0,1066.0,2175.0,2858.0,1443.0,1017.0,1575.0,1495.0,1649.0
2006-10-01,945.0,3951.0,4720.0,2055.0,3110.0,1356.0,1397.0,1083.0,2187.0,2856.0,1451.0,1015.0,1562.0,1520.0,1655.0
2006-11-01,957.0,3116.0,4994.0,2053.0,3114.0,1377.0,1411.0,1085.0,2183.0,2829.0,1439.0,1021.0,1575.0,1521.0,1656.0
2006-12-01,1379.0,5041.0,7309.0,3200.0,4745.0,1905.0,2103.0,1575.0,3261.0,4318.0,2092.0,1495.0,2345.0,2270.0,2477.0
2007-01-01,1020.0,3793.0,5518.0,2315.0,4088.0,1463.0,1538.0,1167.0,2353.0,3875.0,1558.0,1047.0,1843.0,1667.0,1844.0
2007-02-01,1020.0,3306.0,5323.0,2087.0,3632.0,1394.0,1518.0,1180.0,2331.0,3838.0,1500.0,1040.0,1770.0,1603.0,1762.0
2007-03-01,1021.0,4703.0,6460.0,2309.0,4278.0,1465.0,1531.0,1187.0,2434.0,3439.0,1546.0,1141.0,1810.0,1617.0,1852.0
2007-04-01,1013.0,4789.0,5499.0,2249.0,3553.0,1468.0,1528.0,1203.0,2434.0,3344.0,1561.0,1211.0,1799.0,1634.0,1828.0
2007-05-01,1028.0,4833.0,5490.0,2306.0,3602.0,1604.0,1523.0,1205.0,2499.0,3123.0,1568.0,1197.0,1774.0,1652.0,1853.0
2007-06-01,1440.0,6243.0,7658.0,3376.0,5085.0,2128.0,2293.0,1707.0,3602.0,4634.0,2244.0,1690.0,2627.0,2437.0,2679.0
2007-07-01,1060.0,5032.0,5480.0,2375.0,3711.0,1625.0,1631.0,1243.0,2569.0,3180.0,1668.0,1212.0,1829.0,1753.0,1924.0
2007-08-01,1079.0,4246.0,6570.0,2408.0,3827.0,1686.0,1646.0,1364.0,2608.0,3454.0,1691.0,1221.0,1885.0,1786.0,1974.0
2007-09-01,1080.0,3823.0,6493.0,2409.0,3974.0,1673.0,1695.0,1335.0,2655.0,3405.0,1734.0,1241.0,1876.0,1820.0,1992.0
2007-10-01,1209.0,3734.0,6246.0,2511.0,3829.0,1808.0,1716.0,1356.0,2710.0,3395.0,1762.0,1274.0,1907.0,1880.0,2045.0
2007-11-01,1191.0,3275.0,6393.0,2512.0,4007.0,1807.0,1750.0,1343.0,2713.0,3403.0,1725.0,1298.0,1908.0,1879.0,2046.0
2007-12-01,1762.0,5197.0,9768.0,3928.0,5763.0,2574.0,2601.0,1885.0,3986.0,5253.0,2558.0,1872.0,3012.0,2792.0,3074.0
2008-01-01,1312.0,3460.0,7585.0,2861.0,5114.0,1924.0,1904.0,1405.0,2935.0,4559.0,1933.0,1322.0,2287.0,2076.0,2299.0
2008-02-01,1328.0,3173.0,7071.0,2639.0,4696.0,1889.0,1968.0,1391.0,2956.0,4589.0,1887.0,1341.0,2211.0,2029.0,2241.0
2008-03-01,1320.0,4221.0,8038.0,2800.0,4994.0,1904.0,1938.0,1425.0,3092.0,4037.0,1944.0,1560.0,2204.0,2081.0,2309.0
2008-04-01,1337.0,5037.0,7501.0,2865.0,4877.0,2098.0,2022.0,1432.0,3055.0,4502.0,2015.0,1624.0,2259.0,2140.0,2379.0
2008-05-01,1340.0,5436.0,7474.0,2910.0,4676.0,2204.0,2030.0,1564.0,3128.0,4144.0,2076.0,1623.0,2249.0,2183.0,2412.0
2008-06-01,1878.0,6985.0,11296.0,4243.0,6555.0,2841.0,2946.0,2273.0,4511.0,6051.0,2912.0,2295.0,3305.0,3199.0,3458.0
2008-07-01,1400.0,4945.0,8433.0,3047.0,4769.0,2239.0,2134.0,1700.0,3287.0,4162.0,2223.0,1639.0,2365.0,2304.0,2531.0
2008-08-01,1538.0,5594.0,8241.0,3053.0,4962.0,2180.0,2156.0,1763.0,3302.0,4400.0,2227.0,1642.0,2427.0,2354.0,2558.0
2008-09-01,1601.0,4477.0,8474.0,3175.0,5265.0,2312.0,2233.0,1728.0,3441.0,4283.0,2298.0,1691.0,2526.0,2419.0,2641.0
2008-10-01,1556.0,4866.0,8573.0,3264.0,5143.0,2340.0,2243.0,1764.0,3483.0,4408.0,2314.0,1840.0,2599.0,2476.0,2684.0
2008-11-01,1562.0,4030.0,8782.0,3142.0,5243.0,2296.0,2234.0,1749.0,3488.0,4373.0,2285.0,1774.0,2550.0,2463.0,2642.0
2008-12-01,2291.0,6310.0,12651.0,5013.0,7845.0,3362.0,3337.0,2536.0,5206.0,6865.0,3325.0,2561.0,3959.0,3715.0,3995.0
2009-01-01,1669.0,4161.0,9101.0,3495.0,7159.0,2392.0,2390.0,1859.0,3758.0,5888.0,2494.0,1806.0,2917.0,2708.0,2907.0
2009-02-01,1695.0,3868.0,9640.0,3195.0,6181.0,2296.0,2379.0,1862.0,3696.0,5612.0,2386.0,1801.0,2793.0,2600.0,2791.0
2009-03-01,1666.0,4443.0,10153.0,3418.0,6677.0,2363.0,2382.0,1845.0,3908.0,5358.0,2442.0,1872.0,2735.0,2572.0,2870.0
2009-04-01,1657.0,5487.0,9169.0,3416.0,5833.0,2397.0,2438.0,1822.0,3935.0,5057.0,2461.0,2018.0,2878.0,2656.0,2886.0
2009-05-01,1654.0,5693.0,9050.0,3337.0,5824.0,2417.0,2509.0,1820.0,3872.0,5228.0,2506.0,1979.0,2788.0,2689.0,2887.0
2009-06-01,2376.0,6879.0,12529.0,5076.0,8510.0,3463.0,3660.0,2651.0,5649.0,8507.0,3572.0,2798.0,4223.0,3953.0,4246.0
2009-07-01,1694.0,4689.0,9859.0,3563.0,5972.0,2542.0,2543.0,1946.0,4000.0,5181.0,2569.0,1988.0,2869.0,2796.0,2991.0
2009-08-01,1699.0,6433.0,9430.0,3560.0,6443.0,2491.0,2551.0,2007.0,4071.0,5477.0,2646.0,1987.0,2964.0,2825.0,3027.0
2009-09-01,1689.0,6556.0,11073.0,3702.0,6402.0,2644.0,2592.0,1955.0,4193.0,5458.0,2704.0,1994.0,3083.0,2844.0,3112.0
2009-10-01,1668.0,5693.0,10550.0,3825.0,6196.0,2690.0,2596.0,2018.0,4224.0,5470.0,2712.0,1999.0,3110.0,2870.0,3136.0
2009-11-01,1684.0,4683.0,10250.0,3754.0,6242.0,2667.0,2598.0,1997.0,4186.0,5512.0,2694.0,2006.0,3101.0,2892.0,3110.0
2009-12-01,2777.0,6989.0,15713.0,5974.0,9494.0,3918.0,3880.0,2878.0,6339.0,8258.0,3901.0,2930.0,4738.0,4324.0,4724.0
2010-01-01,1979.0,4290.0,11495.0,4255.0,8803.0,2754.0,2839.0,2141.0,4517.0,7124.0,2943.0,2058.0,3509.0,3182.0,3469.0
2010-02-01,2002.0,4409.0,12816.0,3995.0,7458.0,2629.0,2838.0,2121.0,4496.0,6817.0,2883.0,2042.0,3373.0,3100.0,3377.0
2010-03-01,2015.0,5256.0,12930.0,4391.0,7953.0,2957.0,2911.0,2167.0,4832.0,7658.0,2962.0,2233.0,3335.0,3154.0,3579.0
2010-04-01,2002.0,5142.0,12343.0,4364.0,7128.0,2890.0,2899.0,2196.0,4821.0,6926.0,2952.0,2321.0,3409.0,3200.0,3547.0
2010-05-01,2036.0,6606.0,12492.0,4398.0,7622.0,3098.0,2890.0,2266.0,4729.0,6277.0,3043.0,2293.0,3402.0,3246.0,3575.0
2010-06-01,2943.0,9854.0,16382.0,6612.0,10842.0,4284.0,4731.0,3254.0,6864.0,9600.0,4475.0,3249.0,5057.0,4859.0,5323.0
2010-07-01,2130.0,8243.0,11801.0,4674.0,7458.0,3055.0,3219.0,2519.0,5004.0,6500.0,3305.0,2368.0,3648.0,3464.0,3797.0
2010-08-01,2155.0,7057.0,12467.0,4750.0,7492.0,3198.0,3249.0,2565.0,5211.0,6824.0,3343.0,2394.0,3706.0,3526.0,3875.0
2010-09-01,2383.0,7608.0,13124.0,4866.0,8012.0,3307.0,3379.0,2489.0,5490.0,6889.0,3459.0,2428.0,3953.0,3623.0,4014.0
2010-10-01,2388.0,6327.0,12771.0,4949.0,7772.0,3231.0,3445.0,2554.0,5514.0,7494.0,3504.0,2468.0,3977.0,3683.0,4056.0
2010-11-01,2439.0,5790.0,13532.0,5004.0,8152.0,3355.0,3487.0,2582.0,5696.0,6796.0,3500.0,2486.0,3969.0,3760.0,4100.0
2010-12-01,3551.0,9527.0,19427.0,7865.0,12107.0,5005.0,5323.0,3640.0,8212.0,10570.0,5035.0,3629.0,6174.0,5642.0,6166.0
2011-01-01,2557.0,6565.0,15691.0,5774.0,12650.0,3714.0,3844.0,2746.0,6099.0,8370.0,3817.0,2582.0,4646.0,4146.0,4609.0
2011-02-01,2562.0,5591.0,14964.0,5165.0,10532.0,3524.0,3802.0,2705.0,5885.0,7966.0,3702.0,2590.0,4367.0,4013.0,4365.0
2011-03-01,2590.0,6188.0,17924.0,5839.0,10400.0,3810.0,3968.0,2932.0,6434.0,9699.0,3917.0,3028.0,4437.0,4181.0,4757.0
2011-04-01,2611.0,6612.0,15861.0,5635.0,9324.0,3701.0,3915.0,2823.0,6385.0,8248.0,3911.0,3095.0,4482.0,4216.0,4633.0
2011-05-01,2681.0,6857.0,19531.0,5785.0,10420.0,4688.0,3943.0,2883.0,6742.0,8637.0,3984.0,3086.0,4476.0,4307.0,4862.0
2011-06-01,3816.0,12183.0,22723.0,8656.0,14235.0,5577.0,6248.0,4127.0,9455.0,13132.0,5792.0,4344.0,6799.0,6413.0,7043.0
2011-07-01,2796.0,8569.0,15906.0,6062.0,10171.0,4260.0,4388.0,3098.0,6807.0,8423.0,4332.0,3162.0,4582.0,4516.0,5020.0
2011-08-01,2844.0,9989.0,17579.0,6188.0,10111.0,4190.0,4387.0,3269.0,6917.0,8775.0,4311.0,3159.0,5019.0,4672.0,5115.0
2011-09-01,2914.0,9399.0,16843.0,6343.0,10861.0,4627.0,4610.0,3214.0,7021.0,9015.0,4515.0,3189.0,5195.0,4761.0,5277.0
2011-10-01,2853.0,8882.0,18174.0,6430.0,10604.0,4571.0,4679.0,3295.0,7205.0,8868.0,4571.0,3209.0,5180.0,4841.0,5333.0
2011-11-01,3493.0,7900.0,18136.0,6477.0,10723.0,4573.0,4729.0,3339.0,7231.0,9004.0,4594.0,3231.0,5186.0,4954.0,5403.0
2011-12-01,4708.0,10948.0,24568.0,10308.0,16230.0,6496.0,7257.0,4710.0,10763.0,13382.0,6697.0,4670.0,8220.0,7496.0,8130.0
2012-01-01,3373.0,7016.0,20606.0,7537.0,15228.0,4918.0,5164.0,3538.0,7752.0,10894.0,5011.0,3306.0,6167.0,5480.0,6028.0
2012-02-01,3406.0,6864.0,19290.0,6958.0,13111.0,4887.0,5159.0,3572.0,7657.0,10420.0,4961.0,3235.0,5875.0,5388.0,5825.0
2012-03-01,3438.0,7519.0,21651.0,7517.0,13323.0,5030.0,5262.0,3667.0,8178.0,12203.0,5086.0,3712.0,5814.0,5496.0,6145.0
2012-04-01,3428.0,7760.0,19253.0,7205.0,12626.0,5034.0,5343.0,3726.0,8275.0,10413.0,5125.0,3910.0,6245.0,5661.0,6087.0
2012-05-01,3502.0,7889.0,20258.0,7508.0,13620.0,5090.0,5611.0,3827.0,8162.0,12105.0,5285.0,3837.0,5908.0,5801.0,6278.0
2012-06-01,5024.0,12379.0,27409.0,11200.0,17789.0,7332.0,8334.0,5610.0,11802.0,15941.0,7689.0,5315.0,8779.0,8385.0,9107.0
2012-07-01,3630.0,10513.0,19386.0,7824.0,12821.0,6370.0,5819.0,4062.0,8963.0,11043.0,5587.0,3982.0,6293.0,6117.0,6612.0
2012-08-01,3673.0,12662.0,19707.0,7962.0,12711.0,5732.0,5826.0,4182.0,8728.0,11252.0,5623.0,3913.0,6449.0,6185.0,6610.0
2012-09-01,3711.0,12696.0,20945.0,7996.0,13468.0,5748.0,5928.0,4123.0,8797.0,11114.0,5802.0,3927.0,6653.0,6207.0,6696.0
2012-10-01,3739.0,11457.0,21638.0,8445.0,13266.0,5864.0,5987.0,4289.0,9032.0,11353.0,5884.0,3964.0,6695.0,6296.0,6859.0
2012-11-01,4148.0,9602.0,22715.0,8406.0,13545.0,5996.0,6287.0,4319.0,9386.0,11468.0,5984.0,4005.0,6719.0,6426.0,7006.0
2012-12-01,5983.0,13037.0,31406.0,13175.0,20172.0,8563.0,9422.0,6112.0,13701.0,16865.0,8563.0,5750.0,10503.0,9597.0,10426.0
2013-01-01,4377.0,8668.0,25110.0,9524.0,19160.0,6150.0,6718.0,4604.0,10095.0,13759.0,6452.0,4124.0,7918.0,7115.0,7723.0
2013-02-01,4370.0,8807.0,25749.0,8742.0,16921.0,5951.0,6698.0,4600.0,9716.0,13451.0,6354.0,3997.0,7450.0,6901.0,7427.0
2013-03-01,4294.0,8522.0,26895.0,9416.0,21748.0,6343.0,6778.0,4676.0,10286.0,16013.0,6505.0,4513.0,7329.0,7065.0,7840.0
2013-04-01,4354.0,9929.0,24529.0,9353.0,16397.0,6565.0,6745.0,4706.0,10456.0,12711.0,6524.0,4603.0,7691.0,7244.0,7731.0
2013-05-01,4500.0,10046.0,26344.0,9607.0,16654.0,6635.0,7212.0,4849.0,10582.0,15212.0,6798.0,4665.0,7405.0,7323.0,8038.0
2013-06-01,6444.0,17526.0,34510.0,13950.0,23768.0,9344.0,10573.0,6979.0,15297.0,19965.0,9726.0,6543.0,11117.0,10756.0,11546.0
2013-07-01,4596.0,15654.0,26114.0,10115.0,16871.0,7238.0,7391.0,5191.0,11451.0,13466.0,7036.0,4779.0,7841.0,7661.0,8365.0
2013-08-01,4640.0,15067.0,24627.0,9983.0,16740.0,7001.0,7377.0,5221.0,11120.0,13778.0,6979.0,4783.0,8103.0,7774.0,8291.0
2013-09-01,4701.0,15983.0,25689.0,10148.0,17920.0,6980.0,7457.0,5213.0,11250.0,14033.0,7258.0,4912.0,8380.0,7903.0,8459.0
2013-10-01,4851.0,17533.0,26476.0,10594.0,17366.0,7084.0,7548.0,5350.0,11433.0,14191.0,7339.0,4960.0,8454.0,8063.0,8638.0
2013-11-01,5166.0,14766.0,27096.0,10598.0,17354.0,7054.0,7891.0,5377.0,11774.0,15184.0,7381.0,4972.0,8546.0,8216.0,8787.0
2013-12-01,7384.0,18523.0,39114.0,16844.0,26131.0,10284.0,11792.0,7593.0,17178.0,21226.0,10842.0,7276.0,13373.0,12254.0,13175.0
2014-01-01,5464.0,12542.0,31947.0,11852.0,25141.0,7250.0,8479.0,5626.0,12527.0,17886.0,8133.0,5226.0,10039.0,9046.0,9713.0
2014-02-01,5492.0,11608.0,31434.0,10975.0,21598.0,6962.0,8566.0,5507.0,12533.0,17461.0,8052.0,5273.0,9385.0,8968.0,9428.0
2014-03-01,5509.0,13642.0,37599.0,11933.0,23880.0,7523.0,8759.0,5848.0,13669.0,19758.0,8491.0,5876.0,9440.0,9306.0,10097.0
2014-04-01,5579.0,14099.0,29961.0,12257.0,20754.0,8036.0,9500.0,5756.0,13300.0,21394.0,8833.0,6125.0,9772.0,9610.0,10327.0
2014-05-01,5680.0,15005.0,35474.0,12388.0,21176.0,8499.0,9527.0,5940.0,13227.0,17552.0,8915.0,6182.0,9642.0,9699.0,10399.0
2014-06-01,8005.0,26385.0,46874.0,18179.0,30215.0,11400.0,13955.0,8428.0,19353.0,25864.0,12618.0,8672.0,14666.0,14180.0,15007.0
2014-07-01,5816.0,20315.0,33573.0,13073.0,23122.0,8786.0,10288.0,6450.0,14938.0,17846.0,9634.0,6229.0,10783.0,10456.0,11094.0
2014-08-01,5891.0,21646.0,35046.0,12909.0,22584.0,8811.0,9739.0,6826.0,14881.0,17859.0,9497.0,6582.0,10845.0,10420.0,11002.0
2014-09-01,5886.0,23834.0,36992.0,13481.0,24229.0,9021.0,10276.0,6630.0,15194.0,18688.0,9837.0,6609.0,11020.0,10659.0,11383.0
2014-10-01,6330.0,24809.0,38196.0,14071.0,24275.0,9117.0,10460.0,6758.0,15480.0,19776.0,10225.0,6667.0,11764.0,10832.0,11735.0
2014-11-01,6833.0,22336.0,36166.0,13832.0,24416.0,8860.0,11073.0,7049.0,15587.0,20507.0,10276.0,6702.0,11900.0,11133.0,11850.0
2014-12-01,9947.0,25752.0,57255.0,22533.0,36008.0,13458.0,15797.0,10028.0,22908.0,28373.0,14743.0,9800.0,17933.0,16475.0,17752.0
2015-01-01,7182.0,17430.0,45864.0,15569.0,34744.0,9144.0,11300.0,7498.0,16965.0,26216.0,10998.0,7180.0,13322.0,12359.0,13090.0
2015-02-01,7196.0,16344.0,48126.0,14842.0,29460.0,9085.0,11300.0,7431.0,16602.0,22663.0,10756.0,7189.0,12651.0,11981.0,12695.0
2015-03-01,7172.0,16896.0,49879.0,15962.0,33042.0,9315.0,11454.0,7547.0,17710.0,26559.0,11128.0,8071.0,12591.0,12185.0,13338.0
2015-04-01,7323.0,17801.0,44055.0,15693.0,28439.0,9424.0,11413.0,7595.0,17497.0,21665.0,11146.0,8492.0,12795.0,12497.0,13093.0
2015-05-01,7627.0,18860.0,44601.0,15630.0,28796.0,10073.0,12678.0,7795.0,17127.0,21074.0,11676.0,8384.0,12903.0,12809.0,13455.0
2015-06-01,10788.0,29331.0,63046.0,24229.0,41637.0,15030.0,18384.0,11454.0,24923.0,44512.0,16762.0,11864.0,19067.0,18768.0,20157.0
2015-07-01,7799.0,27290.0,43970.0,17378.0,30623.0,10516.0,13290.0,8545.0,19917.0,24177.0,12582.0,8593.0,14138.0,13613.0,14584.0
2015-08-01,7689.0,28594.0,45055.0,16924.0,30423.0,10752.0,12665.0,8944.0,19722.0,24112.0,12203.0,9016.0,14713.0,13947.0,14434.0
2015-09-01,7941.0,29820.0,45316.0,17696.0,32603.0,11256.0,13436.0,8919.0,20016.0,24895.0,12874.0,9054.0,14773.0,14108.0,14958.0
2015-10-01,8111.0,30297.0,45763.0,18073.0,31894.0,11265.0,12975.0,9017.0,20225.0,25944.0,12849.0,9101.0,14856.0,14277.0,15014.0
2015-11-01,8986.0,26777.0,45035.0,18015.0,31614.0,11301.0,13571.0,9162.0,20616.0,28632.0,12831.0,9178.0,15716.0,14568.0,15304.0
2015-12-01,12978.0,32242.0,69722.0,29197.0,46757.0,16608.0,20533.0,13220.0,30310.0,38154.0,19299.0,13520.0,23754.0,22083.0,23204.0
2016-01-01,9289.0,23095.0,51013.0,19824.0,47721.0,11534.0,14538.0,9558.0,22382.0,33881.0,14153.0,9632.0,17441.0,16306.0,16866.0
2016-02-01,9437.0,22148.0,56166.0,19805.0,37789.0,11469.0,14693.0,9539.0,22608.0,33398.0,14143.0,9472.0,16784.0,15976.0,16779.0
2016-03-01,9322.0,20906.0,58691.0,21327.0,44749.0,11897.0,15269.0,9867.0,23624.0,31081.0,14867.0,11141.0,16613.0,16419.0,17576.0
2016-04-01,9570.0,23895.0,50958.0,20888.0,37980.0,12906.0,16457.0,9893.0,23149.0,34777.0,15145.0,11240.0,17446.0,16877.0,17799.0
2016-05-01,9851.0,27467.0,51490.0,21320.0,39473.0,13519.0,16626.0,10019.0,22924.0,37115.0,15656.0,11259.0,17175.0,17101.0,18129.0
2016-06-01,13997.0,49872.0,74437.0,31724.0,55004.0,18799.0,24174.0,15296.0,33556.0,47627.0,22484.0,15870.0,26660.0,25318.0,26326.0
2016-07-01,10248.0,45897.0,61288.0,22528.0,38641.0,13754.0,16889.0,11401.0,25144.0,32033.0,16684.0,11731.0,20162.0,18511.0,19147.0
2016-08-01,11304.0,51299.0,58881.0,22983.0,38972.0,14187.0,16866.0,11565.0,25483.0,32514.0,16659.0,11885.0,19526.0,18605.0,19305.0
2016-09-01,11186.0,45473.0,57284.0,23181.0,45412.0,14001.0,16937.0,11185.0,25995.0,34410.0,16908.0,12071.0,19816.0,19106.0,19539.0
2016-10-01,11724.0,48700.0,60009.0,23942.0,43827.0,14695.0,17909.0,11476.0,26480.0,36715.0,17549.0,12196.0,20388.0,19638.0,20209.0
2016-11-01,11887.0,37446.0,58944.0,24593.0,42265.0,15084.0,18332.0,11491.0,27650.0,39987.0,17829.0,12279.0,21301.0,19919.0,20680.0
2016-12-01,18096.0,49185.0,89192.0,38761.0,64400.0,21854.0,27399.0,16746.0,41905.0,54792.0,26011.0,17949.0,33547.0,30194.0,31182.0
2017-01-01,12902.0,34938.0,65010.0,27590.0,65033.0,15983.0,20013.0,12432.0,31079.0,45640.0,19727.0,12873.0,24236.0,22924.0,23150.0
2017-02-01,12614.0,33122.0,70847.0,25532.0,51575.0,15346.0,19643.0,12527.0,29919.0,48440.0,19515.0,12569.0,22318.0,21878.0,22287.0
2017-03-01,12620.0,29567.0,76681.0,28195.0,60158.0,16393.0,20522.0,12885.0,31788.0,45283.0,20026.0,13381.0,22487.0,22478.0,23420.0
2017-04-01,12819.0,27878.0,63346.0,26916.0,49728.0,16121.0,21082.0,13140.0,31010.0,42064.0,20534.0,14038.0,23173.0,22963.0,23056.0
2017-05-01,13060.0,37147.0,65873.0,27392.0,51014.0,18143.0,21047.0,13213.0,30530.0,41575.0,20402.0,14180.0,22599.0,23143.0,23275.0
2017-06-01,18482.0,65908.0,101795.0,41942.0,73187.0,24615.0,31115.0,19520.0,44585.0,59452.0,29294.0,19766.0,33975.0,33995.0,34216.0
2017-07-01,13360.0,56662.0,72153.0,29307.0,51722.0,18639.0,22601.0,14296.0,32709.0,41351.0,21871.0,15847.0,25493.0,24449.0,24881.0
2017-08-01,13592.0,58563.0,68020.0,29263.0,50153.0,18994.0,22586.0,14343.0,33614.0,42557.0,22096.0,14961.0,24943.0,24856.0,24912.0
2017-09-01,13573.0,61713.0,70098.0,29571.0,54359.0,18882.0,22746.0,14046.0,33223.0,42531.0,22370.0,15323.0,25719.0,24975.0,25118.0
2017-10-01,16674.0,59504.0,74388.0,30671.0,55801.0,19262.0,22993.0,14277.0,33298.0,46605.0,22815.0,15178.0,26683.0,25309.0,25837.0
2017-11-01,15201.0,45976.0,73650.0,31106.0,53523.0,19668.0,23231.0,14380.0,34344.0,50279.0,22772.0,15368.0,26843.0,25711.0,26076.0
2017-12-01,22670.0,65606.0,111181.0,48080.0,79789.0,27853.0,34540.0,20972.0,49961.0,64765.0,33376.0,22500.0,40062.0,37973.0,38564.0
2018-01-01,16030.0,49296.0,81588.0,34051.0,65885.0,20144.0,24969.0,15672.0,38498.0,64930.0,24791.0,16312.0,30560.0,28495.0,28795.0
2018-02-01,15956.0,44071.0,89415.0,32020.0,62668.0,19495.0,24851.0,15794.0,36674.0,52374.0,24824.0,16057.0,28577.0,27363.0,27725.0
2018-03-01,16005.0,40556.0,92953.0,34592.0,76010.0,21107.0,25606.0,16231.0,40691.0,55393.0,25248.0,16525.0,28307.0,27824.0,29175.0
2018-04-01,16091.0,44571.0,83516.0,33874.0,64417.0,21725.0,26571.0,16097.0,39716.0,51925.0,25889.0,17519.0,29172.0,28607.0,29146.0
2018-05-01,16162.0,52673.0,93103.0,34658.0,61368.0,22792.0,26401.0,16438.0,38590.0,54590.0,26000.0,17392.0,28820.0,28827.0,29453.0
2018-06-01,23186.0,90678.0,122368.0,50919.0,89554.0,31081.0,39133.0,23990.0,55511.0,74028.0,37398.0,24345.0,43007.0,42227.0,42512.0
2018-07-01,16711.0,90027.0,89743.0,35962.0,75237.0,22583.0,27211.0,17744.0,40107.0,52690.0,27216.0,18023.0,31170.0,29672.0,30592.0
2018-08-01,17065.0,103453.0,88971.0,36468.0,65204.0,24068.0,27794.0,18037.0,41648.0,54017.0,28420.0,18296.0,32359.0,30551.0,31293.0
2018-09-01,19816.0,131920.0,94569.0,36947.0,67547.0,24281.0,28193.0,17908.0,41543.0,57132.0,29039.0,18870.0,33211.0,30989.0,32035.0
2018-10-01,19310.0,122336.0,97117.0,39455.0,71337.0,25510.0,30106.0,18373.0,42530.0,62025.0,30272.0,20323.0,34226.0,32340.0,33587.0
2018-11-01,19868.0,87860.0,103368.0,40495.0,71068.0,26311.0,31778.0,19715.0,45603.0,75010.0,31438.0,20821.0,36188.0,34066.0,35226.0
2018-12-01,29293.0,107643.0,153961.0,63422.0,105991.0,38549.0,45914.0,27346.0,66229.0,90579.0,45937.0,31091.0,53185.0,50206.0,51732.0
2019-01-01,21887.0,82844.0,114932.0,45805.0,89971.0,28509.0,35116.0,20629.0,52332.0,81614.0,35780.0,22115.0,40439.0,38146.0,39455.0
2019-02-01,21356.0,76989.0,138256.0,42417.0,85844.0,27445.0,34420.0,19640.0,50629.0,83060.0,35165.0,21945.0,37665.0,36791.0,38366.0
2019-03-01,23579.0,79693.0,139501.0,47362.0,104210.0,29825.0,37268.0,20943.0,56629.0,81616.0,37693.0,23017.0,39086.0,38730.0,41439.0
2019-04-01,23020.0,102647.0,122892.0,48077.0,94665.0,30330.0,36749.0,21329.0,53563.0,72505.0,38409.0,25321.0,40851.0,39609.0,41134.0
2019-05-01,23644.0,82134.0,139989.0,49692.0,87840.0,34097.0,37421.0,22551.0,53272.0,84364.0,38658.0,24746.0,40872.0,41959.0,42462.0
2019-06-01,33726.0,142705.0,187890.0,71914.0,127602.0,46347.0,55391.0,33684.0,79279.0,111039.0,55681.0,35963.0,60696.0,61180.0,61343.0
2019-07-01,24831.0,150100.0,142530.0,52028.0,94971.0,34422.0,39280.0,24340.0,60315.0,80328.0,40973.0,27515.0,45446.0,43780.0,45091.0
2019-08-01,27020.0,175964.0,137414.0,53533.0,97637.0,36753.0,39749.0,25261.0,60805.0,83192.0,42404.0,27115.0,46006.0,44768.0,46150.0
2019-09-01,28266.0,132768.0,144092.0,54984.0,102113.0,37357.0,41746.0,24688.0,61573.0,83621.0,44137.0,27917.0,48231.0,45842.0,47495.0
2019-10-01,30158.0,169653.0,151451.0,59098.0,109018.0,39496.0,43621.0,27481.0,65871.0,107536.0,47135.0,29742.0,50542.0,48953.0,51085.0
2019-11-01,30014.0,114373.0,155640.0,58732.0,106960.0,41263.0,44490.0,27731.0,65381.0,105132.0,47781.0,29757.0,51771.0,49862.0,51308.0
2019-12-01,43696.0,160612.0,231355.0,92641.0,157593.0,59739.0,65858.0,39253.0,96019.0,138020.0,69521.0,43797.0,77133.0,74054.0,76103.0
2020-01-01,32111.0,128013.0,181088.0,68359.0,138578.0,46324.0,50910.0,30183.0,78240.0,118354.0,55541.0,33182.0,58285.0,57022.0,59175.0
2020-02-01,34801.0,124491.0,211911.0,66343.0,129997.0,47190.0,51669.0,31514.0,79423.0,130220.0,55273.0,33271.0,57549.0,57111.0,59860.0
2020-03-01,35518.0,90103.0,205944.0,70223.0,149313.0,46938.0,54615.0,31041.0,82800.0,126433.0,57288.0,34906.0,58157.0,57944.0,61897.0
2020-04-01,36584.0,110253.0,153664.0,65056.0,122935.0,42379.0,51431.0,25977.0,73744.0,109438.0,56954.0,35470.0,59056.0,55746.0,57845.0
2020-05-01,37658.0,135247.0,140201.0,64730.0,117826.0,43661.0,51048.0,26159.0,72469.0,105432.0,56044.0,35444.0,58930.0,55960.0,57343.0
2020-06-01,53822.0,145379.0,212630.0,99228.0,169521.0,64711.0,77928.0,38406.0,105562.0,157184.0,82401.0,51550.0,88201.0,82027.0,85458.0
2020-07-01,39064.0,116006.0,160124.0,70298.0,121812.0,45904.0,53463.0,27893.0,75170.0,125693.0,58229.0,37002.0,60626.0,58261.0,60868.0
2020-08-01,38951.0,207507.0,156586.0,71636.0,124891.0,45247.0,53997.0,28129.0,76524.0,122870.0,59470.0,36999.0,64541.0,59679.0,61913.0
2020-09-01,41885.0,203685.0,175490.0,74986.0,150850.0,48105.0,54951.0,28423.0,78106.0,117783.0,61669.0,37759.0,66473.0,60368.0,64162.0
2020-10-01,45942.0,173598.0,184353.0,78466.0,136312.0,48786.0,60755.0,30793.0,84309.0,138676.0,65396.0,39510.0,67280.0,63828.0,68109.0
2020-11-01,45541.0,133881.0,198420.0,79352.0,132139.0,54186.0,61380.0,32856.0,86599.0,143363.0,66153.0,39760.0,67055.0,65302.0,69308.0
2020-12-01,67193.0,231319.0,272654.0,126213.0,206091.0,77968.0,91745.0,46738.0,126429.0,191646.0,96864.0,59713.0,100038.0,98053.0,103375.0
2021-01-01,49376.0,176454.0,234894.0,91378.0,176316.0,55313.0,67542.0,37364.0,100418.0,163150.0,76658.0,42771.0,75910.0,74459.0,78853.0
2021-02-01,50234.0,153216.0,254715.0,89895.0,167145.0,56344.0,70596.0,38895.0,100242.0,188268.0,76029.0,42154.0,73845.0,75581.0,79789.0
2021-03-01,49606.0,145295.0,263501.0,100947.0,207788.0,61189.0,76029.0,41087.0,107653.0,185990.0,79922.0,47620.0,75972.0,79046.0,85612.0
2021-04-01,49802.0,171364.0,232910.0,100099.0,207478.0,64483.0,76435.0,41831.0,107435.0,163823.0,84424.0,48407.0,84483.0,80958.0,86145.0
2021-05-01,51119.0,233646.0,237333.0,101787.0,171666.0,65317.0,77841.0,43259.0,108895.0,161084.0,83278.0,49159.0,83707.0,82014.0,86697.0
2021-06-01,73331.0,317241.0,357599.0,152093.0,255168.0,92366.0,115428.0,62664.0,156982.0,233633.0,120491.0,70030.0,123682.0,121562.0,127133.0
2021-07-01,54327.0,333122.0,261821.0,111539.0,184510.0,69491.0,81741.0,46364.0,122660.0,168034.0,91028.0,53381.0,95483.0,89560.0,94461.0
2021-08-01,60876.0,328665.0,261365.0,112023.0,182189.0,70182.0,84962.0,48773.0,125234.0,179661.0,93896.0,54257.0,94624.0,93650.0,96664.0
2021-09-01,63042.0,279680.0,284163.0,115221.0,198661.0,73611.0,86684.0,49233.0,128368.0,180138.0,96611.0,56262.0,106399.0,95917.0,99916.0
2021-10-01,68526.0,225206.0,281754.0,121754.0,214198.0,76958.0,89705.0,52692.0,129319.0,214328.0,102319.0,58608.0,106390.0,100166.0,104456.0
2021-11-01,69495.0,192963.0,286639.0,124517.0,207756.0,78990.0,93600.0,54053.0,143617.0,219926.0,105459.0,61016.0,112331.0,103633.0,108279.0
2021-12-01,101866.0,343221.0,470680.0,196632.0,315422.0,115212.0,137019.0,75982.0,209219.0,287676.0,149826.0,91244.0,167233.0,154906.0,160794.0
2022-01-01,78242.0,243746.0,355889.0,141133.0,313756.0,82404.0,105453.0,59852.0,155707.0,260044.0,121547.0,66234.0,120368.0,116223.0,122701.0
2022-02-01,73790.0,218302.0,425628.0,138689.0,259607.0,84406.0,108039.0,61756.0,157486.0,287401.0,119895.0,65767.0,121928.0,114020.0,123341.0
2022-03-01,79072.0,208026.0,442289.0,158774.0,327918.0,97229.0,119708.0,68173.0,179928.0,289327.0,132135.0,75560.0,128406.0,124898.0,136935.0
2022-04-01,79778.0,291865.0,419032.0,162570.0,289989.0,97199.0,122850.0,68829.0,181922.0,244674.0,137843.0,77472.0,131254.0,130901.0,138254.0
2022-05-01,83233.0,286229.0,437982.0,166489.0,275187.0,105719.0,126900.0,73527.0,191109.0,309158.0,140639.0,80845.0,140566.0,135481.0,144485.0
2022-06-01,120611.0,467892.0,655782.0,248595.0,424769.0,155811.0,189385.0,102819.0,273625.0,388443.0,202496.0,116526.0,220582.0,202987.0,211727.0
2022-07-01,96107.0,495227.0,479416.0,184131.0,314628.0,112143.0,136565.0,80848.0,202375.0,297174.0,153827.0,88182.0,155599.0,148166.0,157053.0
2022-08-01,108172.0,550898.0,502949.0,192972.0,321258.0,121677.0,148341.0,89505.0,212549.0,314884.0,163383.0,91504.0,174612.0,160563.0,167586.0
2022-09-01,112671.0,452770.0,572653.0,208703.0,358126.0,133515.0,157917.0,93399.0,229666.0,325431.0,172376.0,101908.0,183497.0,169258.0,179439.0
2022-10-01,123128.0,319730.0,562779.0,218152.0,385132.0,141967.0,164120.0,95560.0,240883.0,411282.0,184111.0,107218.0,187910.0,176593.0,189112.0
2022-11-01,125677.0,306132.0,619254.0,230284.0,407904.0,157094.0,173617.0,100476.0,270734.0,426334.0,197381.0,116345.0,212069.0,191341.0,203119.0
2022-12-01,209251.0,580855.0,994351.0,386646.0,626425.0,243866.0,266034.0,164117.0,411429.0,572048.0,294393.0,181310.0,335493.0,303207.0,317848.0
2023-01-01,144469.0,538592.0,756013.0,281913.0,637737.0,178511.0,195067.0,121347.0,312649.0,487687.0,239354.0,135105.0,237855.0,225005.0,240858.0
2023-02-01,147395.0,404259.0,928127.0,281348.0,526879.0,183701.0,209022.0,124307.0,335350.0,533464.0,242396.0,136149.0,240421.0,229131.0,248671.0
2023-03-01,159790.0,400084.0,988850.0,317670.0,686872.0,208224.0,233063.0,139566.0,371841.0,568818.0,260628.0,156201.0,250373.0,245161.0,274825.0
