indice_tiempo,zona_prov,promedio
2013-01-01,BUENOS AIRES,7776
2013-01-01,CAPITAL FEDERAL,9675
2013-01-01,CATAMARCA,6416
2013-01-01,CHACO,6531
2013-01-01,CHUBUT,11452
2013-01-01,CORDOBA,7350
2013-01-01,CORRIENTES,6173
2013-01-01,ENTRE RIOS,6108
2013-01-01,FORMOSA,5903
2013-01-01,JUJUY,5543
2013-01-01,LA PAMPA,8103
2013-01-01,LA RIOJA,4992
2013-01-01,MENDOZA,6641
2013-01-01,MISIONES,6053
2013-01-01,NEUQUEN,10418
2013-01-01,RIO NEGRO,6815
2013-01-01,SALTA,5943
2013-01-01,SAN JUAN,7054
2013-01-01,SAN LUIS,6926
2013-01-01,SANTA CRUZ,14855
2013-01-01,SANTA FE,7480
2013-01-01,SANTIAGO DEL ESTERO,4837
2013-01-01,TIERRA DEL FUEGO,12540
2013-01-01,TUCUMAN,5873
2013-02-01,BUENOS AIRES,7365
2013-02-01,CAPITAL FEDERAL,9426
2013-02-01,CATAMARCA,6011
2013-02-01,CHACO,6257
2013-02-01,CHUBUT,11111
2013-02-01,CORDOBA,6983
2013-02-01,CORRIENTES,6129
2013-02-01,ENTRE RIOS,5862
2013-02-01,FORMOSA,5803
2013-02-01,JUJUY,5233
2013-02-01,LA PAMPA,7619
2013-02-01,LA RIOJA,4699
2013-02-01,MENDOZA,6454
2013-02-01,MISIONES,5812
2013-02-01,NEUQUEN,10306
2013-02-01,RIO NEGRO,7244
2013-02-01,SALTA,5985
2013-02-01,SAN JUAN,7195
2013-02-01,SAN LUIS,6730
2013-02-01,SANTA CRUZ,14255
2013-02-01,SANTA FE,7068
2013-02-01,SANTIAGO DEL ESTERO,4832
2013-02-01,TIERRA DEL FUEGO,12607
2013-02-01,TUCUMAN,5568
2013-03-01,BUENOS AIRES,7963
2013-03-01,CAPITAL FEDERAL,10045
2013-03-01,CATAMARCA,6249
2013-03-01,CHACO,6577
2013-03-01,CHUBUT,11426
2013-03-01,CORDOBA,7473
2013-03-01,CORRIENTES,6586
2013-03-01,ENTRE RIOS,6267
2013-03-01,FORMOSA,6464
2013-03-01,JUJUY,5681
2013-03-01,LA PAMPA,8029
2013-03-01,LA RIOJA,4807
2013-03-01,MENDOZA,6462
2013-03-01,MISIONES,5988
2013-03-01,NEUQUEN,10680
2013-03-01,RIO NEGRO,7468
2013-03-01,SALTA,6330
2013-03-01,SAN JUAN,7328
2013-03-01,SAN LUIS,7268
2013-03-01,SANTA CRUZ,14585
2013-03-01,SANTA FE,7569
2013-03-01,SANTIAGO DEL ESTERO,5381
2013-03-01,TIERRA DEL FUEGO,13061
2013-03-01,TUCUMAN,5822
2013-04-01,BUENOS AIRES,7958
2013-04-01,CAPITAL FEDERAL,9649
2013-04-01,CATAMARCA,6308
2013-04-01,CHACO,6734
2013-04-01,CHUBUT,11817
2013-04-01,CORDOBA,7462
2013-04-01,CORRIENTES,6674
2013-04-01,ENTRE RIOS,6443
2013-04-01,FORMOSA,6583
2013-04-01,JUJUY,6004
2013-04-01,LA PAMPA,7931
2013-04-01,LA RIOJA,5234
2013-04-01,MENDOZA,7147
2013-04-01,MISIONES,6176
2013-04-01,NEUQUEN,10872
2013-04-01,RIO NEGRO,7740
2013-04-01,SALTA,6392
2013-04-01,SAN JUAN,7670
2013-04-01,SAN LUIS,7236
2013-04-01,SANTA CRUZ,14829
2013-04-01,SANTA FE,7723
2013-04-01,SANTIAGO DEL ESTERO,5344
2013-04-01,TIERRA DEL FUEGO,13414
2013-04-01,TUCUMAN,5811
2013-05-01,BUENOS AIRES,8254
2013-05-01,CAPITAL FEDERAL,9948
2013-05-01,CATAMARCA,6843
2013-05-01,CHACO,6936
2013-05-01,CHUBUT,12278
2013-05-01,CORDOBA,7809
2013-05-01,CORRIENTES,6804
2013-05-01,ENTRE RIOS,6628
2013-05-01,FORMOSA,6776
2013-05-01,JUJUY,6029
2013-05-01,LA PAMPA,8394
2013-05-01,LA RIOJA,5417
2013-05-01,MENDOZA,7716
2013-05-01,MISIONES,6427
2013-05-01,NEUQUEN,11465
2013-05-01,RIO NEGRO,8070
2013-05-01,SALTA,6694
2013-05-01,SAN JUAN,7972
2013-05-01,SAN LUIS,7438
2013-05-01,SANTA CRUZ,15800
2013-05-01,SANTA FE,8048
2013-05-01,SANTIAGO DEL ESTERO,5472
2013-05-01,TIERRA DEL FUEGO,13804
2013-05-01,TUCUMAN,6085
2013-06-01,BUENOS AIRES,11816
2013-06-01,CAPITAL FEDERAL,14267
2013-06-01,CATAMARCA,10055
2013-06-01,CHACO,10038
2013-06-01,CHUBUT,16189
2013-06-01,CORDOBA,11313
2013-06-01,CORRIENTES,9726
2013-06-01,ENTRE RIOS,9378
2013-06-01,FORMOSA,9479
2013-06-01,JUJUY,8811
2013-06-01,LA PAMPA,12119
2013-06-01,LA RIOJA,7877
2013-06-01,MENDOZA,10555
2013-06-01,MISIONES,8676
2013-06-01,NEUQUEN,15723
2013-06-01,RIO NEGRO,11222
2013-06-01,SALTA,9313
2013-06-01,SAN JUAN,11569
2013-06-01,SAN LUIS,10865
2013-06-01,SANTA CRUZ,22601
2013-06-01,SANTA FE,11324
2013-06-01,SANTIAGO DEL ESTERO,7857
2013-06-01,TIERRA DEL FUEGO,18333
2013-06-01,TUCUMAN,8691
2013-07-01,BUENOS AIRES,8526
2013-07-01,CAPITAL FEDERAL,10201
2013-07-01,CATAMARCA,7238
2013-07-01,CHACO,7358
2013-07-01,CHUBUT,12996
2013-07-01,CORDOBA,8080
2013-07-01,CORRIENTES,7192
2013-07-01,ENTRE RIOS,6864
2013-07-01,FORMOSA,7250
2013-07-01,JUJUY,6464
2013-07-01,LA PAMPA,8808
2013-07-01,LA RIOJA,5721
2013-07-01,MENDOZA,7711
2013-07-01,MISIONES,6821
2013-07-01,NEUQUEN,11935
2013-07-01,RIO NEGRO,8285
2013-07-01,SALTA,6961
2013-07-01,SAN JUAN,8373
2013-07-01,SAN LUIS,7927
2013-07-01,SANTA CRUZ,17384
2013-07-01,SANTA FE,8344
2013-07-01,SANTIAGO DEL ESTERO,5733
2013-07-01,TIERRA DEL FUEGO,15741
2013-07-01,TUCUMAN,6245
2013-08-01,BUENOS AIRES,8449
2013-08-01,CAPITAL FEDERAL,10515
2013-08-01,CATAMARCA,7246
2013-08-01,CHACO,7412
2013-08-01,CHUBUT,12688
2013-08-01,CORDOBA,8050
2013-08-01,CORRIENTES,7258
2013-08-01,ENTRE RIOS,6900
2013-08-01,FORMOSA,7073
2013-08-01,JUJUY,6660
2013-08-01,LA PAMPA,8597
2013-08-01,LA RIOJA,5923
2013-08-01,MENDOZA,7846
2013-08-01,MISIONES,6973
2013-08-01,NEUQUEN,11851
2013-08-01,RIO NEGRO,8472
2013-08-01,SALTA,7056
2013-08-01,SAN JUAN,8058
2013-08-01,SAN LUIS,7819
2013-08-01,SANTA CRUZ,16707
2013-08-01,SANTA FE,8315
2013-08-01,SANTIAGO DEL ESTERO,5662
2013-08-01,TIERRA DEL FUEGO,15116
2013-08-01,TUCUMAN,6280
2013-09-01,BUENOS AIRES,8657
2013-09-01,CAPITAL FEDERAL,10640
2013-09-01,CATAMARCA,7374
2013-09-01,CHACO,7606
2013-09-01,CHUBUT,13048
2013-09-01,CORDOBA,8157
2013-09-01,CORRIENTES,7296
2013-09-01,ENTRE RIOS,7057
2013-09-01,FORMOSA,7282
2013-09-01,JUJUY,6644
2013-09-01,LA PAMPA,9125
2013-09-01,LA RIOJA,6078
2013-09-01,MENDOZA,7658
2013-09-01,MISIONES,7052
2013-09-01,NEUQUEN,12148
2013-09-01,RIO NEGRO,8611
2013-09-01,SALTA,7114
2013-09-01,SAN JUAN,8102
2013-09-01,SAN LUIS,7904
2013-09-01,SANTA CRUZ,17077
2013-09-01,SANTA FE,8445
2013-09-01,SANTIAGO DEL ESTERO,5763
2013-09-01,TIERRA DEL FUEGO,15758
2013-09-01,TUCUMAN,6452
2013-10-01,BUENOS AIRES,8886
2013-10-01,CAPITAL FEDERAL,10798
2013-10-01,CATAMARCA,7486
2013-10-01,CHACO,7799
2013-10-01,CHUBUT,13151
2013-10-01,CORDOBA,8374
2013-10-01,CORRIENTES,7411
2013-10-01,ENTRE RIOS,7065
2013-10-01,FORMOSA,7419
2013-10-01,JUJUY,6699
2013-10-01,LA PAMPA,9085
2013-10-01,LA RIOJA,6186
2013-10-01,MENDOZA,7757
2013-10-01,MISIONES,7294
2013-10-01,NEUQUEN,12332
2013-10-01,RIO NEGRO,8720
2013-10-01,SALTA,7138
2013-10-01,SAN JUAN,8031
2013-10-01,SAN LUIS,8062
2013-10-01,SANTA CRUZ,17363
2013-10-01,SANTA FE,8562
2013-10-01,SANTIAGO DEL ESTERO,5763
2013-10-01,TIERRA DEL FUEGO,16159
2013-10-01,TUCUMAN,6727
2013-11-01,BUENOS AIRES,8935
2013-11-01,CAPITAL FEDERAL,10944
2013-11-01,CATAMARCA,7515
2013-11-01,CHACO,7993
2013-11-01,CHUBUT,13364
2013-11-01,CORDOBA,8635
2013-11-01,CORRIENTES,7687
2013-11-01,ENTRE RIOS,7153
2013-11-01,FORMOSA,7365
2013-11-01,JUJUY,6770
2013-11-01,LA PAMPA,9348
2013-11-01,LA RIOJA,6396
2013-11-01,MENDOZA,7882
2013-11-01,MISIONES,7135
2013-11-01,NEUQUEN,12766
2013-11-01,RIO NEGRO,8795
2013-11-01,SALTA,7241
2013-11-01,SAN JUAN,8394
2013-11-01,SAN LUIS,8181
2013-11-01,SANTA CRUZ,17587
2013-11-01,SANTA FE,8698
2013-11-01,SANTIAGO DEL ESTERO,5892
2013-11-01,TIERRA DEL FUEGO,16989
2013-11-01,TUCUMAN,6866
2013-12-01,BUENOS AIRES,13090
2013-12-01,CAPITAL FEDERAL,16084
2013-12-01,CATAMARCA,11555
2013-12-01,CHACO,11484
2013-12-01,CHUBUT,17987
2013-12-01,CORDOBA,12837
2013-12-01,CORRIENTES,11153
2013-12-01,ENTRE RIOS,10631
2013-12-01,FORMOSA,10527
2013-12-01,JUJUY,9790
2013-12-01,LA PAMPA,13491
2013-12-01,LA RIOJA,9549
2013-12-01,MENDOZA,11213
2013-12-01,MISIONES,10173
2013-12-01,NEUQUEN,18167
2013-12-01,RIO NEGRO,12584
2013-12-01,SALTA,10258
2013-12-01,SAN JUAN,12376
2013-12-01,SAN LUIS,12214
2013-12-01,SANTA CRUZ,24527
2013-12-01,SANTA FE,12765
2013-12-01,SANTIAGO DEL ESTERO,8418
2013-12-01,TIERRA DEL FUEGO,24186
2013-12-01,TUCUMAN,10343
2014-01-01,BUENOS AIRES,9909
2014-01-01,CAPITAL FEDERAL,12320
2014-01-01,CATAMARCA,8008
2014-01-01,CHACO,8236
2014-01-01,CHUBUT,14942
2014-01-01,CORDOBA,9419
2014-01-01,CORRIENTES,8234
2014-01-01,ENTRE RIOS,7968
2014-01-01,FORMOSA,7686
2014-01-01,JUJUY,6879
2014-01-01,LA PAMPA,10500
2014-01-01,LA RIOJA,6559
2014-01-01,MENDOZA,8383
2014-01-01,MISIONES,8258
2014-01-01,NEUQUEN,13830
2014-01-01,RIO NEGRO,8862
2014-01-01,SALTA,7603
2014-01-01,SAN JUAN,8660
2014-01-01,SAN LUIS,8755
2014-01-01,SANTA CRUZ,19874
2014-01-01,SANTA FE,9554
2014-01-01,SANTIAGO DEL ESTERO,6011
2014-01-01,TIERRA DEL FUEGO,15711
2014-01-01,TUCUMAN,7402
2014-02-01,BUENOS AIRES,9543
2014-02-01,CAPITAL FEDERAL,11891
2014-02-01,CATAMARCA,7793
2014-02-01,CHACO,8117
2014-02-01,CHUBUT,14168
2014-02-01,CORDOBA,9319
2014-02-01,CORRIENTES,8096
2014-02-01,ENTRE RIOS,7703
2014-02-01,FORMOSA,7560
2014-02-01,JUJUY,6682
2014-02-01,LA PAMPA,9867
2014-02-01,LA RIOJA,6345
2014-02-01,MENDOZA,8118
2014-02-01,MISIONES,7785
2014-02-01,NEUQUEN,13941
2014-02-01,RIO NEGRO,9338
2014-02-01,SALTA,7781
2014-02-01,SAN JUAN,8468
2014-02-01,SAN LUIS,8329
2014-02-01,SANTA CRUZ,18668
2014-02-01,SANTA FE,9383
2014-02-01,SANTIAGO DEL ESTERO,6707
2014-02-01,TIERRA DEL FUEGO,16085
2014-02-01,TUCUMAN,7271
2014-03-01,BUENOS AIRES,10179
2014-03-01,CAPITAL FEDERAL,12877
2014-03-01,CATAMARCA,8125
2014-03-01,CHACO,8509
2014-03-01,CHUBUT,15114
2014-03-01,CORDOBA,9570
2014-03-01,CORRIENTES,8505
2014-03-01,ENTRE RIOS,8325
2014-03-01,FORMOSA,7527
2014-03-01,JUJUY,7440
2014-03-01,LA PAMPA,10667
2014-03-01,LA RIOJA,6418
2014-03-01,MENDOZA,8355
2014-03-01,MISIONES,8042
2014-03-01,NEUQUEN,15235
2014-03-01,RIO NEGRO,9932
2014-03-01,SALTA,8066
2014-03-01,SAN JUAN,9448
2014-03-01,SAN LUIS,8799
2014-03-01,SANTA CRUZ,19455
2014-03-01,SANTA FE,9861
2014-03-01,SANTIAGO DEL ESTERO,6958
2014-03-01,TIERRA DEL FUEGO,16771
2014-03-01,TUCUMAN,7612
2014-04-01,BUENOS AIRES,10777
2014-04-01,CAPITAL FEDERAL,12998
2014-04-01,CATAMARCA,8472
2014-04-01,CHACO,9100
2014-04-01,CHUBUT,15430
2014-04-01,CORDOBA,10132
2014-04-01,CORRIENTES,8978
2014-04-01,ENTRE RIOS,8755
2014-04-01,FORMOSA,9334
2014-04-01,JUJUY,7985
2014-04-01,LA PAMPA,10837
2014-04-01,LA RIOJA,6701
2014-04-01,MENDOZA,9077
2014-04-01,MISIONES,8467
2014-04-01,NEUQUEN,14699
2014-04-01,RIO NEGRO,10262
2014-04-01,SALTA,8501
2014-04-01,SAN JUAN,9780
2014-04-01,SAN LUIS,9195
2014-04-01,SANTA CRUZ,18790
2014-04-01,SANTA FE,10417
2014-04-01,SANTIAGO DEL ESTERO,7053
2014-04-01,TIERRA DEL FUEGO,17514
2014-04-01,TUCUMAN,7928
2014-05-01,BUENOS AIRES,10793
2014-05-01,CAPITAL FEDERAL,12688
2014-05-01,CATAMARCA,8956
2014-05-01,CHACO,9163
2014-05-01,CHUBUT,16750
2014-05-01,CORDOBA,10375
2014-05-01,CORRIENTES,9029
2014-05-01,ENTRE RIOS,8797
2014-05-01,FORMOSA,8975
2014-05-01,JUJUY,7894
2014-05-01,LA PAMPA,11292
2014-05-01,LA RIOJA,6942
2014-05-01,MENDOZA,9725
2014-05-01,MISIONES,8582
2014-05-01,NEUQUEN,15878
2014-05-01,RIO NEGRO,10561
2014-05-01,SALTA,8862
2014-05-01,SAN JUAN,9749
2014-05-01,SAN LUIS,9351
2014-05-01,SANTA CRUZ,20407
2014-05-01,SANTA FE,10439
2014-05-01,SANTIAGO DEL ESTERO,7078
2014-05-01,TIERRA DEL FUEGO,18323
2014-05-01,TUCUMAN,7694
2014-06-01,BUENOS AIRES,15438
2014-06-01,CAPITAL FEDERAL,18725
2014-06-01,CATAMARCA,12676
2014-06-01,CHACO,13171
2014-06-01,CHUBUT,22459
2014-06-01,CORDOBA,15091
2014-06-01,CORRIENTES,12954
2014-06-01,ENTRE RIOS,12142
2014-06-01,FORMOSA,12742
2014-06-01,JUJUY,11934
2014-06-01,LA PAMPA,15993
2014-06-01,LA RIOJA,10141
2014-06-01,MENDOZA,13802
2014-06-01,MISIONES,11866
2014-06-01,NEUQUEN,22068
2014-06-01,RIO NEGRO,14916
2014-06-01,SALTA,12649
2014-06-01,SAN JUAN,14219
2014-06-01,SAN LUIS,13739
2014-06-01,SANTA CRUZ,30075
2014-06-01,SANTA FE,15023
2014-06-01,SANTIAGO DEL ESTERO,10397
2014-06-01,TIERRA DEL FUEGO,24441
2014-06-01,TUCUMAN,11227
2014-07-01,BUENOS AIRES,11306
2014-07-01,CAPITAL FEDERAL,13718
2014-07-01,CATAMARCA,9406
2014-07-01,CHACO,9965
2014-07-01,CHUBUT,17420
2014-07-01,CORDOBA,10849
2014-07-01,CORRIENTES,9348
2014-07-01,ENTRE RIOS,9979
2014-07-01,FORMOSA,9779
2014-07-01,JUJUY,8458
2014-07-01,LA PAMPA,11838
2014-07-01,LA RIOJA,7533
2014-07-01,MENDOZA,10552
2014-07-01,MISIONES,9368
2014-07-01,NEUQUEN,16563
2014-07-01,RIO NEGRO,11125
2014-07-01,SALTA,9472
2014-07-01,SAN JUAN,10209
2014-07-01,SAN LUIS,10137
2014-07-01,SANTA CRUZ,22484
2014-07-01,SANTA FE,11234
2014-07-01,SANTIAGO DEL ESTERO,7486
2014-07-01,TIERRA DEL FUEGO,20497
2014-07-01,TUCUMAN,8342
2014-08-01,BUENOS AIRES,11486
2014-08-01,CAPITAL FEDERAL,13780
2014-08-01,CATAMARCA,9377
2014-08-01,CHACO,10053
2014-08-01,CHUBUT,17916
2014-08-01,CORDOBA,10951
2014-08-01,CORRIENTES,9614
2014-08-01,ENTRE RIOS,9487
2014-08-01,FORMOSA,9772
2014-08-01,JUJUY,8906
2014-08-01,LA PAMPA,11891
2014-08-01,LA RIOJA,7295
2014-08-01,MENDOZA,10248
2014-08-01,MISIONES,9520
2014-08-01,NEUQUEN,17030
2014-08-01,RIO NEGRO,11220
2014-08-01,SALTA,9708
2014-08-01,SAN JUAN,10233
2014-08-01,SAN LUIS,10093
2014-08-01,SANTA CRUZ,23048
2014-08-01,SANTA FE,10979
2014-08-01,SANTIAGO DEL ESTERO,7403
2014-08-01,TIERRA DEL FUEGO,20593
2014-08-01,TUCUMAN,8418
2014-09-01,BUENOS AIRES,11903
2014-09-01,CAPITAL FEDERAL,14464
2014-09-01,CATAMARCA,9425
2014-09-01,CHACO,10266
2014-09-01,CHUBUT,18509
2014-09-01,CORDOBA,11223
2014-09-01,CORRIENTES,9677
2014-09-01,ENTRE RIOS,9652
2014-09-01,FORMOSA,9801
2014-09-01,JUJUY,8675
2014-09-01,LA PAMPA,12290
2014-09-01,LA RIOJA,7641
2014-09-01,MENDOZA,10314
2014-09-01,MISIONES,9704
2014-09-01,NEUQUEN,17544
2014-09-01,RIO NEGRO,11625
2014-09-01,SALTA,9633
2014-09-01,SAN JUAN,10310
2014-09-01,SAN LUIS,10319
2014-09-01,SANTA CRUZ,23623
2014-09-01,SANTA FE,11295
2014-09-01,SANTIAGO DEL ESTERO,7446
2014-09-01,TIERRA DEL FUEGO,19492
2014-09-01,TUCUMAN,8651
2014-10-01,BUENOS AIRES,12076
2014-10-01,CAPITAL FEDERAL,14557
2014-10-01,CATAMARCA,9488
2014-10-01,CHACO,10421
2014-10-01,CHUBUT,18900
2014-10-01,CORDOBA,11475
2014-10-01,CORRIENTES,10130
2014-10-01,ENTRE RIOS,9658
2014-10-01,FORMOSA,10060
2014-10-01,JUJUY,8852
2014-10-01,LA PAMPA,12242
2014-10-01,LA RIOJA,7770
2014-10-01,MENDOZA,10405
2014-10-01,MISIONES,10099
2014-10-01,NEUQUEN,17817
2014-10-01,RIO NEGRO,11826
2014-10-01,SALTA,9897
2014-10-01,SAN JUAN,10542
2014-10-01,SAN LUIS,10816
2014-10-01,SANTA CRUZ,24354
2014-10-01,SANTA FE,11556
2014-10-01,SANTIAGO DEL ESTERO,7529
2014-10-01,TIERRA DEL FUEGO,20907
2014-10-01,TUCUMAN,8989
2014-11-01,BUENOS AIRES,12073
2014-11-01,CAPITAL FEDERAL,14646
2014-11-01,CATAMARCA,9819
2014-11-01,CHACO,10676
2014-11-01,CHUBUT,18775
2014-11-01,CORDOBA,11763
2014-11-01,CORRIENTES,10314
2014-11-01,ENTRE RIOS,9860
2014-11-01,FORMOSA,9964
2014-11-01,JUJUY,9025
2014-11-01,LA PAMPA,13199
2014-11-01,LA RIOJA,7794
2014-11-01,MENDOZA,10512
2014-11-01,MISIONES,10258
2014-11-01,NEUQUEN,18070
2014-11-01,RIO NEGRO,11914
2014-11-01,SALTA,9983
2014-11-01,SAN JUAN,10577
2014-11-01,SAN LUIS,10691
2014-11-01,SANTA CRUZ,23551
2014-11-01,SANTA FE,11744
2014-11-01,SANTIAGO DEL ESTERO,7704
2014-11-01,TIERRA DEL FUEGO,22458
2014-11-01,TUCUMAN,9191
2014-12-01,BUENOS AIRES,17706
2014-12-01,CAPITAL FEDERAL,21542
2014-12-01,CATAMARCA,15040
2014-12-01,CHACO,15079
2014-12-01,CHUBUT,26001
2014-12-01,CORDOBA,17703
2014-12-01,CORRIENTES,14939
2014-12-01,ENTRE RIOS,14751
2014-12-01,FORMOSA,14577
2014-12-01,JUJUY,13139
2014-12-01,LA PAMPA,18092
2014-12-01,LA RIOJA,11764
2014-12-01,MENDOZA,14995
2014-12-01,MISIONES,14292
2014-12-01,NEUQUEN,26678
2014-12-01,RIO NEGRO,17295
2014-12-01,SALTA,14479
2014-12-01,SAN JUAN,15366
2014-12-01,SAN LUIS,16261
2014-12-01,SANTA CRUZ,34396
2014-12-01,SANTA FE,17176
2014-12-01,SANTIAGO DEL ESTERO,11091
2014-12-01,TIERRA DEL FUEGO,32300
2014-12-01,TUCUMAN,13502
2015-01-01,BUENOS AIRES,13161
2015-01-01,CAPITAL FEDERAL,16312
2015-01-01,CATAMARCA,10324
2015-01-01,CHACO,10819
2015-01-01,CHUBUT,20583
2015-01-01,CORDOBA,12700
2015-01-01,CORRIENTES,10805
2015-01-01,ENTRE RIOS,10822
2015-01-01,FORMOSA,10498
2015-01-01,JUJUY,8913
2015-01-01,LA PAMPA,13835
2015-01-01,LA RIOJA,7940
2015-01-01,MENDOZA,11199
2015-01-01,MISIONES,11142
2015-01-01,NEUQUEN,20266
2015-01-01,RIO NEGRO,12137
2015-01-01,SALTA,10383
2015-01-01,SAN JUAN,11311
2015-01-01,SAN LUIS,11366
2015-01-01,SANTA CRUZ,26177
2015-01-01,SANTA FE,12668
2015-01-01,SANTIAGO DEL ESTERO,7794
2015-01-01,TIERRA DEL FUEGO,21784
2015-01-01,TUCUMAN,9653
2015-02-01,BUENOS AIRES,12899
2015-02-01,CAPITAL FEDERAL,15645
2015-02-01,CATAMARCA,9741
2015-02-01,CHACO,10583
2015-02-01,CHUBUT,20650
2015-02-01,CORDOBA,12782
2015-02-01,CORRIENTES,10676
2015-02-01,ENTRE RIOS,10311
2015-02-01,FORMOSA,10240
2015-02-01,JUJUY,8776
2015-02-01,LA PAMPA,13171
2015-02-01,LA RIOJA,7856
2015-02-01,MENDOZA,10973
2015-02-01,MISIONES,10405
2015-02-01,NEUQUEN,21230
2015-02-01,RIO NEGRO,13080
2015-02-01,SALTA,10804
2015-02-01,SAN JUAN,11105
2015-02-01,SAN LUIS,10856
2015-02-01,SANTA CRUZ,27083
2015-02-01,SANTA FE,12232
2015-02-01,SANTIAGO DEL ESTERO,7693
2015-02-01,TIERRA DEL FUEGO,22252
2015-02-01,TUCUMAN,9334
2015-03-01,BUENOS AIRES,13687
2015-03-01,CAPITAL FEDERAL,16710
2015-03-01,CATAMARCA,10560
2015-03-01,CHACO,11386
2015-03-01,CHUBUT,20495
2015-03-01,CORDOBA,12847
2015-03-01,CORRIENTES,11000
2015-03-01,ENTRE RIOS,11014
2015-03-01,FORMOSA,11335
2015-03-01,JUJUY,9744
2015-03-01,LA PAMPA,14000
2015-03-01,LA RIOJA,8038
2015-03-01,MENDOZA,11382
2015-03-01,MISIONES,10770
2015-03-01,NEUQUEN,21511
2015-03-01,RIO NEGRO,13397
2015-03-01,SALTA,11170
2015-03-01,SAN JUAN,12065
2015-03-01,SAN LUIS,11682
2015-03-01,SANTA CRUZ,27771
2015-03-01,SANTA FE,12775
2015-03-01,SANTIAGO DEL ESTERO,10352
2015-03-01,TIERRA DEL FUEGO,22720
2015-03-01,TUCUMAN,9996
2015-04-01,BUENOS AIRES,13743
2015-04-01,CAPITAL FEDERAL,16397
2015-04-01,CATAMARCA,10509
2015-04-01,CHACO,11404
2015-04-01,CHUBUT,20836
2015-04-01,CORDOBA,13225
2015-04-01,CORRIENTES,11174
2015-04-01,ENTRE RIOS,11478
2015-04-01,FORMOSA,11533
2015-04-01,JUJUY,10262
2015-04-01,LA PAMPA,13655
2015-04-01,LA RIOJA,8353
2015-04-01,MENDOZA,11825
2015-04-01,MISIONES,11160
2015-04-01,NEUQUEN,21413
2015-04-01,RIO NEGRO,13510
2015-04-01,SALTA,11860
2015-04-01,SAN JUAN,12180
2015-04-01,SAN LUIS,11706
2015-04-01,SANTA CRUZ,25491
2015-04-01,SANTA FE,13494
2015-04-01,SANTIAGO DEL ESTERO,8870
2015-04-01,TIERRA DEL FUEGO,23680
2015-04-01,TUCUMAN,9859
2015-05-01,BUENOS AIRES,13955
2015-05-01,CAPITAL FEDERAL,16432
2015-05-01,CATAMARCA,11279
2015-05-01,CHACO,11641
2015-05-01,CHUBUT,21338
2015-05-01,CORDOBA,13572
2015-05-01,CORRIENTES,11425
2015-05-01,ENTRE RIOS,11755
2015-05-01,FORMOSA,11836
2015-05-01,JUJUY,10378
2015-05-01,LA PAMPA,14591
2015-05-01,LA RIOJA,8626
2015-05-01,MENDOZA,12892
2015-05-01,MISIONES,11513
2015-05-01,NEUQUEN,21859
2015-05-01,RIO NEGRO,14172
2015-05-01,SALTA,12158
2015-05-01,SAN JUAN,12591
2015-05-01,SAN LUIS,11914
2015-05-01,SANTA CRUZ,26714
2015-05-01,SANTA FE,13478
2015-05-01,SANTIAGO DEL ESTERO,9099
2015-05-01,TIERRA DEL FUEGO,24838
2015-05-01,TUCUMAN,9993
2015-06-01,BUENOS AIRES,20877
2015-06-01,CAPITAL FEDERAL,25241
2015-06-01,CATAMARCA,17179
2015-06-01,CHACO,17286
2015-06-01,CHUBUT,29638
2015-06-01,CORDOBA,20526
2015-06-01,CORRIENTES,16901
2015-06-01,ENTRE RIOS,16425
2015-06-01,FORMOSA,17085
2015-06-01,JUJUY,15606
2015-06-01,LA PAMPA,21447
2015-06-01,LA RIOJA,13385
2015-06-01,MENDOZA,18605
2015-06-01,MISIONES,15918
2015-06-01,NEUQUEN,31775
2015-06-01,RIO NEGRO,20535
2015-06-01,SALTA,17942
2015-06-01,SAN JUAN,18652
2015-06-01,SAN LUIS,18209
2015-06-01,SANTA CRUZ,40754
2015-06-01,SANTA FE,19998
2015-06-01,SANTIAGO DEL ESTERO,13455
2015-06-01,TIERRA DEL FUEGO,32927
2015-06-01,TUCUMAN,14875
2015-07-01,BUENOS AIRES,15094
2015-07-01,CAPITAL FEDERAL,18002
2015-07-01,CATAMARCA,12303
2015-07-01,CHACO,13001
2015-07-01,CHUBUT,22419
2015-07-01,CORDOBA,14820
2015-07-01,CORRIENTES,12455
2015-07-01,ENTRE RIOS,13671
2015-07-01,FORMOSA,13086
2015-07-01,JUJUY,11338
2015-07-01,LA PAMPA,15028
2015-07-01,LA RIOJA,9635
2015-07-01,MENDOZA,13787
2015-07-01,MISIONES,12423
2015-07-01,NEUQUEN,22198
2015-07-01,RIO NEGRO,15075
2015-07-01,SALTA,13090
2015-07-01,SAN JUAN,13231
2015-07-01,SAN LUIS,13164
2015-07-01,SANTA CRUZ,30460
2015-07-01,SANTA FE,14979
2015-07-01,SANTIAGO DEL ESTERO,9480
2015-07-01,TIERRA DEL FUEGO,26286
2015-07-01,TUCUMAN,10858
2015-08-01,BUENOS AIRES,15262
2015-08-01,CAPITAL FEDERAL,18109
2015-08-01,CATAMARCA,12149
2015-08-01,CHACO,13059
2015-08-01,CHUBUT,23057
2015-08-01,CORDOBA,14688
2015-08-01,CORRIENTES,12321
2015-08-01,ENTRE RIOS,12623
2015-08-01,FORMOSA,13082
2015-08-01,JUJUY,11488
2015-08-01,LA PAMPA,15488
2015-08-01,LA RIOJA,9896
2015-08-01,MENDOZA,14060
2015-08-01,MISIONES,12586
2015-08-01,NEUQUEN,22843
2015-08-01,RIO NEGRO,15354
2015-08-01,SALTA,13111
2015-08-01,SAN JUAN,13329
2015-08-01,SAN LUIS,12969
2015-08-01,SANTA CRUZ,30044
2015-08-01,SANTA FE,14595
2015-08-01,SANTIAGO DEL ESTERO,9467
2015-08-01,TIERRA DEL FUEGO,27544
2015-08-01,TUCUMAN,10990
2015-09-01,BUENOS AIRES,15668
2015-09-01,CAPITAL FEDERAL,18638
2015-09-01,CATAMARCA,12381
2015-09-01,CHACO,13717
2015-09-01,CHUBUT,23466
2015-09-01,CORDOBA,15038
2015-09-01,CORRIENTES,12436
2015-09-01,ENTRE RIOS,12957
2015-09-01,FORMOSA,13563
2015-09-01,JUJUY,11547
2015-09-01,LA PAMPA,15891
2015-09-01,LA RIOJA,10422
2015-09-01,MENDOZA,13790
2015-09-01,MISIONES,12948
2015-09-01,NEUQUEN,23114
2015-09-01,RIO NEGRO,15752
2015-09-01,SALTA,13189
2015-09-01,SAN JUAN,13416
2015-09-01,SAN LUIS,13396
2015-09-01,SANTA CRUZ,29912
2015-09-01,SANTA FE,14984
2015-09-01,SANTIAGO DEL ESTERO,9646
2015-09-01,TIERRA DEL FUEGO,27825
2015-09-01,TUCUMAN,11551
2015-10-01,BUENOS AIRES,15756
2015-10-01,CAPITAL FEDERAL,18879
2015-10-01,CATAMARCA,12628
2015-10-01,CHACO,13625
2015-10-01,CHUBUT,23439
2015-10-01,CORDOBA,15004
2015-10-01,CORRIENTES,12495
2015-10-01,ENTRE RIOS,12703
2015-10-01,FORMOSA,13600
2015-10-01,JUJUY,11612
2015-10-01,LA PAMPA,16042
2015-10-01,LA RIOJA,10420
2015-10-01,MENDOZA,13835
2015-10-01,MISIONES,13151
2015-10-01,NEUQUEN,23020
2015-10-01,RIO NEGRO,15819
2015-10-01,SALTA,13273
2015-10-01,SAN JUAN,13347
2015-10-01,SAN LUIS,13712
2015-10-01,SANTA CRUZ,30565
2015-10-01,SANTA FE,15105
2015-10-01,SANTIAGO DEL ESTERO,9599
2015-10-01,TIERRA DEL FUEGO,28377
2015-10-01,TUCUMAN,11531
2015-11-01,BUENOS AIRES,16050
2015-11-01,CAPITAL FEDERAL,19263
2015-11-01,CATAMARCA,12522
2015-11-01,CHACO,13963
2015-11-01,CHUBUT,24054
2015-11-01,CORDOBA,15486
2015-11-01,CORRIENTES,13012
2015-11-01,ENTRE RIOS,13210
2015-11-01,FORMOSA,13597
2015-11-01,JUJUY,11835
2015-11-01,LA PAMPA,16138
2015-11-01,LA RIOJA,10657
2015-11-01,MENDOZA,13898
2015-11-01,MISIONES,13577
2015-11-01,NEUQUEN,23094
2015-11-01,RIO NEGRO,15860
2015-11-01,SALTA,13428
2015-11-01,SAN JUAN,13679
2015-11-01,SAN LUIS,14105
2015-11-01,SANTA CRUZ,30835
2015-11-01,SANTA FE,15226
2015-11-01,SANTIAGO DEL ESTERO,9801
2015-11-01,TIERRA DEL FUEGO,29479
2015-11-01,TUCUMAN,11873
2015-12-01,BUENOS AIRES,23388
2015-12-01,CAPITAL FEDERAL,28661
2015-12-01,CATAMARCA,19092
2015-12-01,CHACO,20245
2015-12-01,CHUBUT,32478
2015-12-01,CORDOBA,23155
2015-12-01,CORRIENTES,18990
2015-12-01,ENTRE RIOS,19445
2015-12-01,FORMOSA,19415
2015-12-01,JUJUY,16942
2015-12-01,LA PAMPA,23353
2015-12-01,LA RIOJA,15917
2015-12-01,MENDOZA,20082
2015-12-01,MISIONES,18718
2015-12-01,NEUQUEN,33427
2015-12-01,RIO NEGRO,22915
2015-12-01,SALTA,19476
2015-12-01,SAN JUAN,19882
2015-12-01,SAN LUIS,21299
2015-12-01,SANTA CRUZ,43911
2015-12-01,SANTA FE,22432
2015-12-01,SANTIAGO DEL ESTERO,14426
2015-12-01,TIERRA DEL FUEGO,43392
2015-12-01,TUCUMAN,17771
2016-01-01,BUENOS AIRES,17246
2016-01-01,CAPITAL FEDERAL,21190
2016-01-01,CATAMARCA,13251
2016-01-01,CHACO,14677
2016-01-01,CHUBUT,24677
2016-01-01,CORDOBA,16829
2016-01-01,CORRIENTES,13895
2016-01-01,ENTRE RIOS,14297
2016-01-01,FORMOSA,14304
2016-01-01,JUJUY,11730
2016-01-01,LA PAMPA,18512
2016-01-01,LA RIOJA,10924
2016-01-01,MENDOZA,14490
2016-01-01,MISIONES,14928
2016-01-01,NEUQUEN,24418
2016-01-01,RIO NEGRO,15984
2016-01-01,SALTA,13927
2016-01-01,SAN JUAN,15172
2016-01-01,SAN LUIS,14971
2016-01-01,SANTA CRUZ,31852
2016-01-01,SANTA FE,16710
2016-01-01,SANTIAGO DEL ESTERO,10142
2016-01-01,TIERRA DEL FUEGO,28031
2016-01-01,TUCUMAN,12577
2016-02-01,BUENOS AIRES,16892
2016-02-01,CAPITAL FEDERAL,20968
2016-02-01,CATAMARCA,13228
2016-02-01,CHACO,14466
2016-02-01,CHUBUT,25924
2016-02-01,CORDOBA,16287
2016-02-01,CORRIENTES,13582
2016-02-01,ENTRE RIOS,13981
2016-02-01,FORMOSA,14250
2016-02-01,JUJUY,11604
2016-02-01,LA PAMPA,17257
2016-02-01,LA RIOJA,10481
2016-02-01,MENDOZA,14510
2016-02-01,MISIONES,14086
2016-02-01,NEUQUEN,23974
2016-02-01,RIO NEGRO,16483
2016-02-01,SALTA,14653
2016-02-01,SAN JUAN,15860
2016-02-01,SAN LUIS,14675
2016-02-01,SANTA CRUZ,33616
2016-02-01,SANTA FE,16430
2016-02-01,SANTIAGO DEL ESTERO,10191
2016-02-01,TIERRA DEL FUEGO,29350
2016-02-01,TUCUMAN,12397
2016-03-01,BUENOS AIRES,17856
2016-03-01,CAPITAL FEDERAL,22222
2016-03-01,CATAMARCA,13483
2016-03-01,CHACO,16128
2016-03-01,CHUBUT,25808
2016-03-01,CORDOBA,17774
2016-03-01,CORRIENTES,14350
2016-03-01,ENTRE RIOS,15309
2016-03-01,FORMOSA,15974
2016-03-01,JUJUY,13022
2016-03-01,LA PAMPA,18832
2016-03-01,LA RIOJA,11052
2016-03-01,MENDOZA,14833
2016-03-01,MISIONES,14727
2016-03-01,NEUQUEN,26799
2016-03-01,RIO NEGRO,17583
2016-03-01,SALTA,15088
2016-03-01,SAN JUAN,16059
2016-03-01,SAN LUIS,15996
2016-03-01,SANTA CRUZ,32540
2016-03-01,SANTA FE,17444
2016-03-01,SANTIAGO DEL ESTERO,13558
2016-03-01,TIERRA DEL FUEGO,30004
2016-03-01,TUCUMAN,12750
2016-04-01,BUENOS AIRES,18360
2016-04-01,CAPITAL FEDERAL,22185
2016-04-01,CATAMARCA,13804
2016-04-01,CHACO,16565
2016-04-01,CHUBUT,26777
2016-04-01,CORDOBA,17932
2016-04-01,CORRIENTES,14781
2016-04-01,ENTRE RIOS,15768
2016-04-01,FORMOSA,16230
2016-04-01,JUJUY,13950
2016-04-01,LA PAMPA,18935
2016-04-01,LA RIOJA,11754
2016-04-01,MENDOZA,15462
2016-04-01,MISIONES,15436
2016-04-01,NEUQUEN,27258
2016-04-01,RIO NEGRO,18364
2016-04-01,SALTA,15940
2016-04-01,SAN JUAN,16416
2016-04-01,SAN LUIS,16678
2016-04-01,SANTA CRUZ,32983
2016-04-01,SANTA FE,17989
2016-04-01,SANTIAGO DEL ESTERO,12445
2016-04-01,TIERRA DEL FUEGO,31029
2016-04-01,TUCUMAN,13297
2016-05-01,BUENOS AIRES,19002
2016-05-01,CAPITAL FEDERAL,22588
2016-05-01,CATAMARCA,14496
2016-05-01,CHACO,16909
2016-05-01,CHUBUT,27035
2016-05-01,CORDOBA,18449
2016-05-01,CORRIENTES,15119
2016-05-01,ENTRE RIOS,15948
2016-05-01,FORMOSA,16516
2016-05-01,JUJUY,14167
2016-05-01,LA PAMPA,20239
2016-05-01,LA RIOJA,12201
2016-05-01,MENDOZA,16524
2016-05-01,MISIONES,15873
2016-05-01,NEUQUEN,26615
2016-05-01,RIO NEGRO,18817
2016-05-01,SALTA,16255
2016-05-01,SAN JUAN,16741
2016-05-01,SAN LUIS,17126
2016-05-01,SANTA CRUZ,34767
2016-05-01,SANTA FE,18241
2016-05-01,SANTIAGO DEL ESTERO,12691
2016-05-01,TIERRA DEL FUEGO,31925
2016-05-01,TUCUMAN,13371
2016-06-01,BUENOS AIRES,27157
2016-06-01,CAPITAL FEDERAL,32859
2016-06-01,CATAMARCA,21946
2016-06-01,CHACO,24468
2016-06-01,CHUBUT,36940
2016-06-01,CORDOBA,26848
2016-06-01,CORRIENTES,21625
2016-06-01,ENTRE RIOS,22930
2016-06-01,FORMOSA,23352
2016-06-01,JUJUY,20433
2016-06-01,LA PAMPA,27446
2016-06-01,LA RIOJA,17938
2016-06-01,MENDOZA,23416
2016-06-01,MISIONES,21778
2016-06-01,NEUQUEN,38207
2016-06-01,RIO NEGRO,27252
2016-06-01,SALTA,24070
2016-06-01,SAN JUAN,24542
2016-06-01,SAN LUIS,25520
2016-06-01,SANTA CRUZ,51006
2016-06-01,SANTA FE,26160
2016-06-01,SANTIAGO DEL ESTERO,18403
2016-06-01,TIERRA DEL FUEGO,43491
2016-06-01,TUCUMAN,19432
2016-07-01,BUENOS AIRES,19879
2016-07-01,CAPITAL FEDERAL,23642
2016-07-01,CATAMARCA,15892
2016-07-01,CHACO,17816
2016-07-01,CHUBUT,30456
2016-07-01,CORDOBA,19275
2016-07-01,CORRIENTES,15988
2016-07-01,ENTRE RIOS,17302
2016-07-01,FORMOSA,17730
2016-07-01,JUJUY,15213
2016-07-01,LA PAMPA,20716
2016-07-01,LA RIOJA,13595
2016-07-01,MENDOZA,17157
2016-07-01,MISIONES,16631
2016-07-01,NEUQUEN,30084
2016-07-01,RIO NEGRO,19943
2016-07-01,SALTA,17068
2016-07-01,SAN JUAN,17340
2016-07-01,SAN LUIS,18551
2016-07-01,SANTA CRUZ,40151
2016-07-01,SANTA FE,19299
2016-07-01,SANTIAGO DEL ESTERO,13064
2016-07-01,TIERRA DEL FUEGO,34957
2016-07-01,TUCUMAN,14127
2016-08-01,BUENOS AIRES,20356
2016-08-01,CAPITAL FEDERAL,24254
2016-08-01,CATAMARCA,16220
2016-08-01,CHACO,18644
2016-08-01,CHUBUT,30891
2016-08-01,CORDOBA,19694
2016-08-01,CORRIENTES,16393
2016-08-01,ENTRE RIOS,17493
2016-08-01,FORMOSA,18534
2016-08-01,JUJUY,15718
2016-08-01,LA PAMPA,20638
2016-08-01,LA RIOJA,13840
2016-08-01,MENDOZA,17879
2016-08-01,MISIONES,16918
2016-08-01,NEUQUEN,29948
2016-08-01,RIO NEGRO,20226
2016-08-01,SALTA,17796
2016-08-01,SAN JUAN,17783
2016-08-01,SAN LUIS,18838
2016-08-01,SANTA CRUZ,42273
2016-08-01,SANTA FE,19614
2016-08-01,SANTIAGO DEL ESTERO,13123
2016-08-01,TIERRA DEL FUEGO,35126
2016-08-01,TUCUMAN,14424
2016-09-01,BUENOS AIRES,20505
2016-09-01,CAPITAL FEDERAL,24694
2016-09-01,CATAMARCA,16128
2016-09-01,CHACO,18733
2016-09-01,CHUBUT,30303
2016-09-01,CORDOBA,19836
2016-09-01,CORRIENTES,16474
2016-09-01,ENTRE RIOS,17564
2016-09-01,FORMOSA,17937
2016-09-01,JUJUY,15370
2016-09-01,LA PAMPA,21781
2016-09-01,LA RIOJA,13892
2016-09-01,MENDOZA,17775
2016-09-01,MISIONES,17173
2016-09-01,NEUQUEN,29634
2016-09-01,RIO NEGRO,20379
2016-09-01,SALTA,17974
2016-09-01,SAN JUAN,18000
2016-09-01,SAN LUIS,18766
2016-09-01,SANTA CRUZ,40485
2016-09-01,SANTA FE,19791
2016-09-01,SANTIAGO DEL ESTERO,13240
2016-09-01,TIERRA DEL FUEGO,35289
2016-09-01,TUCUMAN,14837
2016-10-01,BUENOS AIRES,21055
2016-10-01,CAPITAL FEDERAL,25466
2016-10-01,CATAMARCA,16512
2016-10-01,CHACO,19278
2016-10-01,CHUBUT,31790
2016-10-01,CORDOBA,20361
2016-10-01,CORRIENTES,17519
2016-10-01,ENTRE RIOS,17410
2016-10-01,FORMOSA,18571
2016-10-01,JUJUY,15759
2016-10-01,LA PAMPA,22070
2016-10-01,LA RIOJA,14157
2016-10-01,MENDOZA,18213
2016-10-01,MISIONES,17889
2016-10-01,NEUQUEN,30751
2016-10-01,RIO NEGRO,20955
2016-10-01,SALTA,18352
2016-10-01,SAN JUAN,18134
2016-10-01,SAN LUIS,19254
2016-10-01,SANTA CRUZ,42191
2016-10-01,SANTA FE,20327
2016-10-01,SANTIAGO DEL ESTERO,13485
2016-10-01,TIERRA DEL FUEGO,35846
2016-10-01,TUCUMAN,15135
2016-11-01,BUENOS AIRES,21786
2016-11-01,CAPITAL FEDERAL,26098
2016-11-01,CATAMARCA,16701
2016-11-01,CHACO,19973
2016-11-01,CHUBUT,31391
2016-11-01,CORDOBA,20872
2016-11-01,CORRIENTES,17919
2016-11-01,ENTRE RIOS,18058
2016-11-01,FORMOSA,18942
2016-11-01,JUJUY,16179
2016-11-01,LA PAMPA,21994
2016-11-01,LA RIOJA,14441
2016-11-01,MENDOZA,18381
2016-11-01,MISIONES,18098
2016-11-01,NEUQUEN,30749
2016-11-01,RIO NEGRO,21162
2016-11-01,SALTA,18397
2016-11-01,SAN JUAN,19069
2016-11-01,SAN LUIS,19761
2016-11-01,SANTA CRUZ,40187
2016-11-01,SANTA FE,20699
2016-11-01,SANTIAGO DEL ESTERO,13662
2016-11-01,TIERRA DEL FUEGO,37000
2016-11-01,TUCUMAN,15956
2016-12-01,BUENOS AIRES,31772
2016-12-01,CAPITAL FEDERAL,39042
2016-12-01,CATAMARCA,26106
2016-12-01,CHACO,28706
2016-12-01,CHUBUT,43647
2016-12-01,CORDOBA,31215
2016-12-01,CORRIENTES,26071
2016-12-01,ENTRE RIOS,26978
2016-12-01,FORMOSA,26488
2016-12-01,JUJUY,23167
2016-12-01,LA PAMPA,31838
2016-12-01,LA RIOJA,21264
2016-12-01,MENDOZA,26342
2016-12-01,MISIONES,25384
2016-12-01,NEUQUEN,45254
2016-12-01,RIO NEGRO,30940
2016-12-01,SALTA,26949
2016-12-01,SAN JUAN,27251
2016-12-01,SAN LUIS,29553
2016-12-01,SANTA CRUZ,56735
2016-12-01,SANTA FE,30706
2016-12-01,SANTIAGO DEL ESTERO,20072
2016-12-01,TIERRA DEL FUEGO,54764
2016-12-01,TUCUMAN,24133
2017-01-01,BUENOS AIRES,23552
2017-01-01,CAPITAL FEDERAL,29308
2017-01-01,CATAMARCA,17771
2017-01-01,CHACO,20824
2017-01-01,CHUBUT,33868
2017-01-01,CORDOBA,23182
2017-01-01,CORRIENTES,18866
2017-01-01,ENTRE RIOS,19876
2017-01-01,FORMOSA,20195
2017-01-01,JUJUY,16472
2017-01-01,LA PAMPA,24514
2017-01-01,LA RIOJA,14861
2017-01-01,MENDOZA,19497
2017-01-01,MISIONES,19066
2017-01-01,NEUQUEN,32913
2017-01-01,RIO NEGRO,21324
2017-01-01,SALTA,19106
2017-01-01,SAN JUAN,20077
2017-01-01,SAN LUIS,21565
2017-01-01,SANTA CRUZ,41343
2017-01-01,SANTA FE,22669
2017-01-01,SANTIAGO DEL ESTERO,14171
2017-01-01,TIERRA DEL FUEGO,36367
2017-01-01,TUCUMAN,17242
2017-02-01,BUENOS AIRES,22710
2017-02-01,CAPITAL FEDERAL,28074
2017-02-01,CATAMARCA,17158
2017-02-01,CHACO,20179
2017-02-01,CHUBUT,33743
2017-02-01,CORDOBA,21674
2017-02-01,CORRIENTES,18732
2017-02-01,ENTRE RIOS,18959
2017-02-01,FORMOSA,19023
2017-02-01,JUJUY,15866
2017-02-01,LA PAMPA,23634
2017-02-01,LA RIOJA,13558
2017-02-01,MENDOZA,19283
2017-02-01,MISIONES,19109
2017-02-01,NEUQUEN,31407
2017-02-01,RIO NEGRO,21872
2017-02-01,SALTA,19595
2017-02-01,SAN JUAN,19777
2017-02-01,SAN LUIS,20058
2017-02-01,SANTA CRUZ,43362
2017-02-01,SANTA FE,21961
2017-02-01,SANTIAGO DEL ESTERO,14003
2017-02-01,TIERRA DEL FUEGO,36552
2017-02-01,TUCUMAN,16560
2017-03-01,BUENOS AIRES,23881
2017-03-01,CAPITAL FEDERAL,29560
2017-03-01,CATAMARCA,17101
2017-03-01,CHACO,20435
2017-03-01,CHUBUT,32983
2017-03-01,CORDOBA,22798
2017-03-01,CORRIENTES,19552
2017-03-01,ENTRE RIOS,19792
2017-03-01,FORMOSA,19111
2017-03-01,JUJUY,16775
2017-03-01,LA PAMPA,23545
2017-03-01,LA RIOJA,15052
2017-03-01,MENDOZA,20066
2017-03-01,MISIONES,19675
2017-03-01,NEUQUEN,32479
2017-03-01,RIO NEGRO,22701
2017-03-01,SALTA,20236
2017-03-01,SAN JUAN,20791
2017-03-01,SAN LUIS,21463
2017-03-01,SANTA CRUZ,42547
2017-03-01,SANTA FE,22776
2017-03-01,SANTIAGO DEL ESTERO,16350
2017-03-01,TIERRA DEL FUEGO,38444
2017-03-01,TUCUMAN,17177
2017-04-01,BUENOS AIRES,23597
2017-04-01,CAPITAL FEDERAL,29263
2017-04-01,CATAMARCA,17388
2017-04-01,CHACO,21319
2017-04-01,CHUBUT,33136
2017-04-01,CORDOBA,24158
2017-04-01,CORRIENTES,20079
2017-04-01,ENTRE RIOS,20022
2017-04-01,FORMOSA,22680
2017-04-01,JUJUY,17568
2017-04-01,LA PAMPA,24230
2017-04-01,LA RIOJA,15397
2017-04-01,MENDOZA,20064
2017-04-01,MISIONES,19739
2017-04-01,NEUQUEN,32936
2017-04-01,RIO NEGRO,23709
2017-04-01,SALTA,20625
2017-04-01,SAN JUAN,20670
2017-04-01,SAN LUIS,21446
2017-04-01,SANTA CRUZ,41221
2017-04-01,SANTA FE,23015
2017-04-01,SANTIAGO DEL ESTERO,16098
2017-04-01,TIERRA DEL FUEGO,38748
2017-04-01,TUCUMAN,16856
2017-05-01,BUENOS AIRES,24104
2017-05-01,CAPITAL FEDERAL,29281
2017-05-01,CATAMARCA,18763
2017-05-01,CHACO,21825
2017-05-01,CHUBUT,35553
2017-05-01,CORDOBA,23917
2017-05-01,CORRIENTES,20338
2017-05-01,ENTRE RIOS,20753
2017-05-01,FORMOSA,21602
2017-05-01,JUJUY,17655
2017-05-01,LA PAMPA,25095
2017-05-01,LA RIOJA,15808
2017-05-01,MENDOZA,20798
2017-05-01,MISIONES,20032
2017-05-01,NEUQUEN,33818
2017-05-01,RIO NEGRO,24280
2017-05-01,SALTA,21483
2017-05-01,SAN JUAN,21464
2017-05-01,SAN LUIS,21945
2017-05-01,SANTA CRUZ,45407
2017-05-01,SANTA FE,24679
2017-05-01,SANTIAGO DEL ESTERO,16441
2017-05-01,TIERRA DEL FUEGO,40182
2017-05-01,TUCUMAN,17146
2017-06-01,BUENOS AIRES,34601
2017-06-01,CAPITAL FEDERAL,42673
2017-06-01,CATAMARCA,27833
2017-06-01,CHACO,31555
2017-06-01,CHUBUT,48923
2017-06-01,CORDOBA,35230
2017-06-01,CORRIENTES,29390
2017-06-01,ENTRE RIOS,28318
2017-06-01,FORMOSA,30128
2017-06-01,JUJUY,25877
2017-06-01,LA PAMPA,35646
2017-06-01,LA RIOJA,24155
2017-06-01,MENDOZA,29446
2017-06-01,MISIONES,27265
2017-06-01,NEUQUEN,50367
2017-06-01,RIO NEGRO,34611
2017-06-01,SALTA,31448
2017-06-01,SAN JUAN,31396
2017-06-01,SAN LUIS,32606
2017-06-01,SANTA CRUZ,65051
2017-06-01,SANTA FE,34193
2017-06-01,SANTIAGO DEL ESTERO,23813
2017-06-01,TIERRA DEL FUEGO,53874
2017-06-01,TUCUMAN,24796
2017-07-01,BUENOS AIRES,25760
2017-07-01,CAPITAL FEDERAL,30900
2017-07-01,CATAMARCA,19808
2017-07-01,CHACO,22881
2017-07-01,CHUBUT,37992
2017-07-01,CORDOBA,25433
2017-07-01,CORRIENTES,21658
2017-07-01,ENTRE RIOS,22734
2017-07-01,FORMOSA,22878
2017-07-01,JUJUY,18862
2017-07-01,LA PAMPA,25812
2017-07-01,LA RIOJA,18838
2017-07-01,MENDOZA,22081
2017-07-01,MISIONES,20805
2017-07-01,NEUQUEN,35675
2017-07-01,RIO NEGRO,25094
2017-07-01,SALTA,22243
2017-07-01,SAN JUAN,22122
2017-07-01,SAN LUIS,23445
2017-07-01,SANTA CRUZ,49652
2017-07-01,SANTA FE,25028
2017-07-01,SANTIAGO DEL ESTERO,16942
2017-07-01,TIERRA DEL FUEGO,42029
2017-07-01,TUCUMAN,18064
2017-08-01,BUENOS AIRES,25752
2017-08-01,CAPITAL FEDERAL,31446
2017-08-01,CATAMARCA,20536
2017-08-01,CHACO,26382
2017-08-01,CHUBUT,37879
2017-08-01,CORDOBA,25467
2017-08-01,CORRIENTES,21671
2017-08-01,ENTRE RIOS,22188
2017-08-01,FORMOSA,22803
2017-08-01,JUJUY,18801
2017-08-01,LA PAMPA,26456
2017-08-01,LA RIOJA,18817
2017-08-01,MENDOZA,22456
2017-08-01,MISIONES,21138
2017-08-01,NEUQUEN,35502
2017-08-01,RIO NEGRO,25392
2017-08-01,SALTA,22529
2017-08-01,SAN JUAN,22673
2017-08-01,SAN LUIS,23828
2017-08-01,SANTA CRUZ,49237
2017-08-01,SANTA FE,25185
2017-08-01,SANTIAGO DEL ESTERO,17099
2017-08-01,TIERRA DEL FUEGO,42641
2017-08-01,TUCUMAN,18270
2017-09-01,BUENOS AIRES,26312
2017-09-01,CAPITAL FEDERAL,31922
2017-09-01,CATAMARCA,20665
2017-09-01,CHACO,23488
2017-09-01,CHUBUT,38404
2017-09-01,CORDOBA,25223
2017-09-01,CORRIENTES,22248
2017-09-01,ENTRE RIOS,22167
2017-09-01,FORMOSA,23395
2017-09-01,JUJUY,18919
2017-09-01,LA PAMPA,26836
2017-09-01,LA RIOJA,19011
2017-09-01,MENDOZA,22317
2017-09-01,MISIONES,21573
2017-09-01,NEUQUEN,36140
2017-09-01,RIO NEGRO,25911
2017-09-01,SALTA,22653
2017-09-01,SAN JUAN,22778
2017-09-01,SAN LUIS,24909
2017-09-01,SANTA CRUZ,48698
2017-09-01,SANTA FE,25379
2017-09-01,SANTIAGO DEL ESTERO,17079
2017-09-01,TIERRA DEL FUEGO,42568
2017-09-01,TUCUMAN,18729
2017-10-01,BUENOS AIRES,26788
2017-10-01,CAPITAL FEDERAL,32549
2017-10-01,CATAMARCA,20946
2017-10-01,CHACO,23616
2017-10-01,CHUBUT,38652
2017-10-01,CORDOBA,25828
2017-10-01,CORRIENTES,22823
2017-10-01,ENTRE RIOS,22368
2017-10-01,FORMOSA,24465
2017-10-01,JUJUY,19949
2017-10-01,LA PAMPA,27343
2017-10-01,LA RIOJA,19365
2017-10-01,MENDOZA,22610
2017-10-01,MISIONES,22109
2017-10-01,NEUQUEN,37650
2017-10-01,RIO NEGRO,26519
2017-10-01,SALTA,23094
2017-10-01,SAN JUAN,23033
2017-10-01,SAN LUIS,24972
2017-10-01,SANTA CRUZ,51716
2017-10-01,SANTA FE,25867
2017-10-01,SANTIAGO DEL ESTERO,17243
2017-10-01,TIERRA DEL FUEGO,42254
2017-10-01,TUCUMAN,19477
2017-11-01,BUENOS AIRES,27323
2017-11-01,CAPITAL FEDERAL,32770
2017-11-01,CATAMARCA,21052
2017-11-01,CHACO,23927
2017-11-01,CHUBUT,39268
2017-11-01,CORDOBA,26116
2017-11-01,CORRIENTES,23200
2017-11-01,ENTRE RIOS,22924
2017-11-01,FORMOSA,23759
2017-11-01,JUJUY,19929
2017-11-01,LA PAMPA,27399
2017-11-01,LA RIOJA,19557
2017-11-01,MENDOZA,22680
2017-11-01,MISIONES,22390
2017-11-01,NEUQUEN,37730
2017-11-01,RIO NEGRO,26570
2017-11-01,SALTA,23789
2017-11-01,SAN JUAN,23658
2017-11-01,SAN LUIS,25230
2017-11-01,SANTA CRUZ,48729
2017-11-01,SANTA FE,26090
2017-11-01,SANTIAGO DEL ESTERO,17261
2017-11-01,TIERRA DEL FUEGO,43901
2017-11-01,TUCUMAN,19770
2017-12-01,BUENOS AIRES,39121
2017-12-01,CAPITAL FEDERAL,48207
2017-12-01,CATAMARCA,31068
2017-12-01,CHACO,34171
2017-12-01,CHUBUT,53502
2017-12-01,CORDOBA,38918
2017-12-01,CORRIENTES,33326
2017-12-01,ENTRE RIOS,33437
2017-12-01,FORMOSA,33343
2017-12-01,JUJUY,27875
2017-12-01,LA PAMPA,40127
2017-12-01,LA RIOJA,29074
2017-12-01,MENDOZA,32389
2017-12-01,MISIONES,30849
2017-12-01,NEUQUEN,54925
2017-12-01,RIO NEGRO,37975
2017-12-01,SALTA,34258
2017-12-01,SAN JUAN,34027
2017-12-01,SAN LUIS,37838
2017-12-01,SANTA CRUZ,68951
2017-12-01,SANTA FE,37561
2017-12-01,SANTIAGO DEL ESTERO,25200
2017-12-01,TIERRA DEL FUEGO,64515
2017-12-01,TUCUMAN,29492
2018-01-01,BUENOS AIRES,29324
2018-01-01,CAPITAL FEDERAL,36464
2018-01-01,CATAMARCA,22639
2018-01-01,CHACO,24765
2018-01-01,CHUBUT,40985
2018-01-01,CORDOBA,28931
2018-01-01,CORRIENTES,24190
2018-01-01,ENTRE RIOS,24791
2018-01-01,FORMOSA,25275
2018-01-01,JUJUY,20067
2018-01-01,LA PAMPA,30934
2018-01-01,LA RIOJA,19871
2018-01-01,MENDOZA,24014
2018-01-01,MISIONES,23915
2018-01-01,NEUQUEN,40233
2018-01-01,RIO NEGRO,26035
2018-01-01,SALTA,24401
2018-01-01,SAN JUAN,26042
2018-01-01,SAN LUIS,26825
2018-01-01,SANTA CRUZ,52032
2018-01-01,SANTA FE,28174
2018-01-01,SANTIAGO DEL ESTERO,18061
2018-01-01,TIERRA DEL FUEGO,42426
2018-01-01,TUCUMAN,21419
2018-02-01,BUENOS AIRES,28135
2018-02-01,CAPITAL FEDERAL,35099
2018-02-01,CATAMARCA,21034
2018-02-01,CHACO,23931
2018-02-01,CHUBUT,40813
2018-02-01,CORDOBA,27301
2018-02-01,CORRIENTES,23662
2018-02-01,ENTRE RIOS,23547
2018-02-01,FORMOSA,24067
2018-02-01,JUJUY,19666
2018-02-01,LA PAMPA,30136
2018-02-01,LA RIOJA,18993
2018-02-01,MENDOZA,23416
2018-02-01,MISIONES,23310
2018-02-01,NEUQUEN,39585
2018-02-01,RIO NEGRO,27086
2018-02-01,SALTA,24408
2018-02-01,SAN JUAN,25171
2018-02-01,SAN LUIS,25797
2018-02-01,SANTA CRUZ,54085
2018-02-01,SANTA FE,27220
2018-02-01,SANTIAGO DEL ESTERO,17588
2018-02-01,TIERRA DEL FUEGO,44016
2018-02-01,TUCUMAN,20747
2018-03-01,BUENOS AIRES,29482
2018-03-01,CAPITAL FEDERAL,36954
2018-03-01,CATAMARCA,22421
2018-03-01,CHACO,24383
2018-03-01,CHUBUT,40152
2018-03-01,CORDOBA,28247
2018-03-01,CORRIENTES,24316
2018-03-01,ENTRE RIOS,24235
2018-03-01,FORMOSA,25509
2018-03-01,JUJUY,20534
2018-03-01,LA PAMPA,30152
2018-03-01,LA RIOJA,19854
2018-03-01,MENDOZA,24120
2018-03-01,MISIONES,23435
2018-03-01,NEUQUEN,40719
2018-03-01,RIO NEGRO,28053
2018-03-01,SALTA,26045
2018-03-01,SAN JUAN,25828
2018-03-01,SAN LUIS,26820
2018-03-01,SANTA CRUZ,53273
2018-03-01,SANTA FE,27691
2018-03-01,SANTIAGO DEL ESTERO,19531
2018-03-01,TIERRA DEL FUEGO,44917
2018-03-01,TUCUMAN,21145
2018-04-01,BUENOS AIRES,30582
2018-04-01,CAPITAL FEDERAL,36716
2018-04-01,CATAMARCA,23235
2018-04-01,CHACO,25323
2018-04-01,CHUBUT,41755
2018-04-01,CORDOBA,28942
2018-04-01,CORRIENTES,24911
2018-04-01,ENTRE RIOS,25987
2018-04-01,FORMOSA,26532
2018-04-01,JUJUY,21236
2018-04-01,LA PAMPA,30638
2018-04-01,LA RIOJA,20769
2018-04-01,MENDOZA,24725
2018-04-01,MISIONES,23562
2018-04-01,NEUQUEN,42018
2018-04-01,RIO NEGRO,29155
2018-04-01,SALTA,25820
2018-04-01,SAN JUAN,26216
2018-04-01,SAN LUIS,26536
2018-04-01,SANTA CRUZ,51227
2018-04-01,SANTA FE,28373
2018-04-01,SANTIAGO DEL ESTERO,19452
2018-04-01,TIERRA DEL FUEGO,45129
2018-04-01,TUCUMAN,21122
2018-05-01,BUENOS AIRES,30430
2018-05-01,CAPITAL FEDERAL,36729
2018-05-01,CATAMARCA,23652
2018-05-01,CHACO,25950
2018-05-01,CHUBUT,43252
2018-05-01,CORDOBA,29638
2018-05-01,CORRIENTES,25191
2018-05-01,ENTRE RIOS,25975
2018-05-01,FORMOSA,26899
2018-05-01,JUJUY,21284
2018-05-01,LA PAMPA,31567
2018-05-01,LA RIOJA,21250
2018-05-01,MENDOZA,25827
2018-05-01,MISIONES,23959
2018-05-01,NEUQUEN,45535
2018-05-01,RIO NEGRO,29478
2018-05-01,SALTA,26341
2018-05-01,SAN JUAN,26973
2018-05-01,SAN LUIS,27278
2018-05-01,SANTA CRUZ,57693
2018-05-01,SANTA FE,29776
2018-05-01,SANTIAGO DEL ESTERO,19744
2018-05-01,TIERRA DEL FUEGO,46908
2018-05-01,TUCUMAN,21099
2018-06-01,BUENOS AIRES,43426
2018-06-01,CAPITAL FEDERAL,53143
2018-06-01,CATAMARCA,34843
2018-06-01,CHACO,37088
2018-06-01,CHUBUT,58477
2018-06-01,CORDOBA,43115
2018-06-01,CORRIENTES,36174
2018-06-01,ENTRE RIOS,37105
2018-06-01,FORMOSA,37173
2018-06-01,JUJUY,31430
2018-06-01,LA PAMPA,44585
2018-06-01,LA RIOJA,31397
2018-06-01,MENDOZA,36081
2018-06-01,MISIONES,32440
2018-06-01,NEUQUEN,62757
2018-06-01,RIO NEGRO,42155
2018-06-01,SALTA,38069
2018-06-01,SAN JUAN,38763
2018-06-01,SAN LUIS,39272
2018-06-01,SANTA CRUZ,77580
2018-06-01,SANTA FE,41675
2018-06-01,SANTIAGO DEL ESTERO,28289
2018-06-01,TIERRA DEL FUEGO,63126
2018-06-01,TUCUMAN,30837
2018-07-01,BUENOS AIRES,31865
2018-07-01,CAPITAL FEDERAL,38082
2018-07-01,CATAMARCA,26891
2018-07-01,CHACO,26510
2018-07-01,CHUBUT,46547
2018-07-01,CORDOBA,30893
2018-07-01,CORRIENTES,26728
2018-07-01,ENTRE RIOS,27587
2018-07-01,FORMOSA,27922
2018-07-01,JUJUY,22588
2018-07-01,LA PAMPA,32507
2018-07-01,LA RIOJA,22927
2018-07-01,MENDOZA,26168
2018-07-01,MISIONES,24580
2018-07-01,NEUQUEN,46270
2018-07-01,RIO NEGRO,30423
2018-07-01,SALTA,27109
2018-07-01,SAN JUAN,27295
2018-07-01,SAN LUIS,28236
2018-07-01,SANTA CRUZ,59419
2018-07-01,SANTA FE,30113
2018-07-01,SANTIAGO DEL ESTERO,19835
2018-07-01,TIERRA DEL FUEGO,47653
2018-07-01,TUCUMAN,21788
2018-08-01,BUENOS AIRES,32529
2018-08-01,CAPITAL FEDERAL,39103
2018-08-01,CATAMARCA,26167
2018-08-01,CHACO,27323
2018-08-01,CHUBUT,47726
2018-08-01,CORDOBA,31420
2018-08-01,CORRIENTES,27335
2018-08-01,ENTRE RIOS,27732
2018-08-01,FORMOSA,29524
2018-08-01,JUJUY,23428
2018-08-01,LA PAMPA,32422
2018-08-01,LA RIOJA,23181
2018-08-01,MENDOZA,27385
2018-08-01,MISIONES,26034
2018-08-01,NEUQUEN,47339
2018-08-01,RIO NEGRO,31321
2018-08-01,SALTA,27688
2018-08-01,SAN JUAN,28092
2018-08-01,SAN LUIS,29423
2018-08-01,SANTA CRUZ,61976
2018-08-01,SANTA FE,30929
2018-08-01,SANTIAGO DEL ESTERO,20246
2018-08-01,TIERRA DEL FUEGO,48694
2018-08-01,TUCUMAN,22423
2018-09-01,BUENOS AIRES,32797
2018-09-01,CAPITAL FEDERAL,40393
2018-09-01,CATAMARCA,26354
2018-09-01,CHACO,28101
2018-09-01,CHUBUT,49455
2018-09-01,CORDOBA,31807
2018-09-01,CORRIENTES,27846
2018-09-01,ENTRE RIOS,28384
2018-09-01,FORMOSA,28983
2018-09-01,JUJUY,23561
2018-09-01,LA PAMPA,36188
2018-09-01,LA RIOJA,23328
2018-09-01,MENDOZA,27636
2018-09-01,MISIONES,26018
2018-09-01,NEUQUEN,48567
2018-09-01,RIO NEGRO,32283
2018-09-01,SALTA,28025
2018-09-01,SAN JUAN,28924
2018-09-01,SAN LUIS,29311
2018-09-01,SANTA CRUZ,65850
2018-09-01,SANTA FE,31572
2018-09-01,SANTIAGO DEL ESTERO,20233
2018-09-01,TIERRA DEL FUEGO,48852
2018-09-01,TUCUMAN,23430
2018-10-01,BUENOS AIRES,35383
2018-10-01,CAPITAL FEDERAL,42216
2018-10-01,CATAMARCA,26435
2018-10-01,CHACO,29139
2018-10-01,CHUBUT,51846
2018-10-01,CORDOBA,34069
2018-10-01,CORRIENTES,28777
2018-10-01,ENTRE RIOS,28438
2018-10-01,FORMOSA,30035
2018-10-01,JUJUY,24119
2018-10-01,LA PAMPA,35471
2018-10-01,LA RIOJA,24062
2018-10-01,MENDOZA,28923
2018-10-01,MISIONES,27376
2018-10-01,NEUQUEN,51756
2018-10-01,RIO NEGRO,33492
2018-10-01,SALTA,29554
2018-10-01,SAN JUAN,30053
2018-10-01,SAN LUIS,30550
2018-10-01,SANTA CRUZ,67259
2018-10-01,SANTA FE,33435
2018-10-01,SANTIAGO DEL ESTERO,20706
2018-10-01,TIERRA DEL FUEGO,50806
2018-10-01,TUCUMAN,27095
2018-11-01,BUENOS AIRES,36697
2018-11-01,CAPITAL FEDERAL,43925
2018-11-01,CATAMARCA,27709
2018-11-01,CHACO,29936
2018-11-01,CHUBUT,53652
2018-11-01,CORDOBA,35301
2018-11-01,CORRIENTES,29410
2018-11-01,ENTRE RIOS,29669
2018-11-01,FORMOSA,30427
2018-11-01,JUJUY,24400
2018-11-01,LA PAMPA,38241
2018-11-01,LA RIOJA,26921
2018-11-01,MENDOZA,30456
2018-11-01,MISIONES,28000
2018-11-01,NEUQUEN,53524
2018-11-01,RIO NEGRO,34466
2018-11-01,SALTA,30296
2018-11-01,SAN JUAN,31965
2018-11-01,SAN LUIS,31682
2018-11-01,SANTA CRUZ,66451
2018-11-01,SANTA FE,35018
2018-11-01,SANTIAGO DEL ESTERO,21312
2018-11-01,TIERRA DEL FUEGO,52312
2018-11-01,TUCUMAN,26814
2018-12-01,BUENOS AIRES,53911
2018-12-01,CAPITAL FEDERAL,64652
2018-12-01,CATAMARCA,42516
2018-12-01,CHACO,42433
2018-12-01,CHUBUT,72724
2018-12-01,CORDOBA,53341
2018-12-01,CORRIENTES,42654
2018-12-01,ENTRE RIOS,45203
2018-12-01,FORMOSA,44347
2018-12-01,JUJUY,36003
2018-12-01,LA PAMPA,55258
2018-12-01,LA RIOJA,39630
2018-12-01,MENDOZA,43616
2018-12-01,MISIONES,38819
2018-12-01,NEUQUEN,77491
2018-12-01,RIO NEGRO,49437
2018-12-01,SALTA,44957
2018-12-01,SAN JUAN,46533
2018-12-01,SAN LUIS,49594
2018-12-01,SANTA CRUZ,89260
2018-12-01,SANTA FE,50943
2018-12-01,SANTIAGO DEL ESTERO,30605
2018-12-01,TIERRA DEL FUEGO,77276
2018-12-01,TUCUMAN,39805
2019-01-01,BUENOS AIRES,39619
2019-01-01,CAPITAL FEDERAL,49908
2019-01-01,CATAMARCA,30375
2019-01-01,CHACO,34560
2019-01-01,CHUBUT,57346
2019-01-01,CORDOBA,37384
2019-01-01,CORRIENTES,31399
2019-01-01,ENTRE RIOS,33646
2019-01-01,FORMOSA,31992
2019-01-01,JUJUY,26476
2019-01-01,LA PAMPA,43020
2019-01-01,LA RIOJA,27718
2019-01-01,MENDOZA,33243
2019-01-01,MISIONES,32165
2019-01-01,NEUQUEN,57806
2019-01-01,RIO NEGRO,35428
2019-01-01,SALTA,32788
2019-01-01,SAN JUAN,35665
2019-01-01,SAN LUIS,35604
2019-01-01,SANTA CRUZ,68344
2019-01-01,SANTA FE,39085
2019-01-01,SANTIAGO DEL ESTERO,22029
2019-01-01,TIERRA DEL FUEGO,55476
2019-01-01,TUCUMAN,30984
2019-02-01,BUENOS AIRES,38959
2019-02-01,CAPITAL FEDERAL,50119
2019-02-01,CATAMARCA,29042
2019-02-01,CHACO,30754
2019-02-01,CHUBUT,60133
2019-02-01,CORDOBA,37406
2019-02-01,CORRIENTES,30851
2019-02-01,ENTRE RIOS,32146
2019-02-01,FORMOSA,31470
2019-02-01,JUJUY,25854
2019-02-01,LA PAMPA,43249
2019-02-01,LA RIOJA,26426
2019-02-01,MENDOZA,33176
2019-02-01,MISIONES,31735
2019-02-01,NEUQUEN,58339
2019-02-01,RIO NEGRO,37096
2019-02-01,SALTA,33439
2019-02-01,SAN JUAN,34585
2019-02-01,SAN LUIS,34263
2019-02-01,SANTA CRUZ,74586
2019-02-01,SANTA FE,38408
2019-02-01,SANTIAGO DEL ESTERO,25507
2019-02-01,TIERRA DEL FUEGO,54451
2019-02-01,TUCUMAN,29629
2019-03-01,BUENOS AIRES,42065
2019-03-01,CAPITAL FEDERAL,54874
2019-03-01,CATAMARCA,32522
2019-03-01,CHACO,32290
2019-03-01,CHUBUT,61149
2019-03-01,CORDOBA,39813
2019-03-01,CORRIENTES,33502
2019-03-01,ENTRE RIOS,34738
2019-03-01,FORMOSA,34788
2019-03-01,JUJUY,27968
2019-03-01,LA PAMPA,44815
2019-03-01,LA RIOJA,29212
2019-03-01,MENDOZA,33845
2019-03-01,MISIONES,31946
2019-03-01,NEUQUEN,61567
2019-03-01,RIO NEGRO,39564
2019-03-01,SALTA,36270
2019-03-01,SAN JUAN,36475
2019-03-01,SAN LUIS,37050
2019-03-01,SANTA CRUZ,76722
2019-03-01,SANTA FE,39612
2019-03-01,SANTIAGO DEL ESTERO,25922
2019-03-01,TIERRA DEL FUEGO,63439
2019-03-01,TUCUMAN,30299
2019-04-01,BUENOS AIRES,42635
2019-04-01,CAPITAL FEDERAL,53597
2019-04-01,CATAMARCA,32823
2019-04-01,CHACO,33399
2019-04-01,CHUBUT,65923
2019-04-01,CORDOBA,40795
2019-04-01,CORRIENTES,34539
2019-04-01,ENTRE RIOS,34982
2019-04-01,FORMOSA,36234
2019-04-01,JUJUY,28908
2019-04-01,LA PAMPA,44819
2019-04-01,LA RIOJA,30410
2019-04-01,MENDOZA,34932
2019-04-01,MISIONES,31869
2019-04-01,NEUQUEN,63931
2019-04-01,RIO NEGRO,40417
2019-04-01,SALTA,36887
2019-04-01,SAN JUAN,38644
2019-04-01,SAN LUIS,38266
2019-04-01,SANTA CRUZ,75651
2019-04-01,SANTA FE,42705
2019-04-01,SANTIAGO DEL ESTERO,26771
2019-04-01,TIERRA DEL FUEGO,62266
2019-04-01,TUCUMAN,30355
2019-05-01,BUENOS AIRES,43765
2019-05-01,CAPITAL FEDERAL,53829
2019-05-01,CATAMARCA,32833
2019-05-01,CHACO,34327
2019-05-01,CHUBUT,68839
2019-05-01,CORDOBA,42011
2019-05-01,CORRIENTES,34987
2019-05-01,ENTRE RIOS,37912
2019-05-01,FORMOSA,36895
2019-05-01,JUJUY,30883
2019-05-01,LA PAMPA,46300
2019-05-01,LA RIOJA,31200
2019-05-01,MENDOZA,37884
2019-05-01,MISIONES,32644
2019-05-01,NEUQUEN,70967
2019-05-01,RIO NEGRO,39694
2019-05-01,SALTA,38003
2019-05-01,SAN JUAN,38936
2019-05-01,SAN LUIS,39964
2019-05-01,SANTA CRUZ,82176
2019-05-01,SANTA FE,42727
2019-05-01,SANTIAGO DEL ESTERO,26774
2019-05-01,TIERRA DEL FUEGO,63514
2019-05-01,TUCUMAN,30485
2019-06-01,BUENOS AIRES,61665
2019-06-01,CAPITAL FEDERAL,77676
2019-06-01,CATAMARCA,50361
2019-06-01,CHACO,48832
2019-06-01,CHUBUT,93078
2019-06-01,CORDOBA,61183
2019-06-01,CORRIENTES,50376
2019-06-01,ENTRE RIOS,54055
2019-06-01,FORMOSA,55169
2019-06-01,JUJUY,45372
2019-06-01,LA PAMPA,66878
2019-06-01,LA RIOJA,46081
2019-06-01,MENDOZA,52856
2019-06-01,MISIONES,44596
2019-06-01,NEUQUEN,96325
2019-06-01,RIO NEGRO,60250
2019-06-01,SALTA,55999
2019-06-01,SAN JUAN,55575
2019-06-01,SAN LUIS,56075
2019-06-01,SANTA CRUZ,114389
2019-06-01,SANTA FE,61209
2019-06-01,SANTIAGO DEL ESTERO,38985
2019-06-01,TIERRA DEL FUEGO,85304
2019-06-01,TUCUMAN,44457
2019-07-01,BUENOS AIRES,46732
2019-07-01,CAPITAL FEDERAL,56895
2019-07-01,CATAMARCA,35749
2019-07-01,CHACO,36600
2019-07-01,CHUBUT,73364
2019-07-01,CORDOBA,44335
2019-07-01,CORRIENTES,36681
2019-07-01,ENTRE RIOS,40723
2019-07-01,FORMOSA,42465
2019-07-01,JUJUY,32285
2019-07-01,LA PAMPA,48635
2019-07-01,LA RIOJA,33406
2019-07-01,MENDOZA,39498
2019-07-01,MISIONES,33539
2019-07-01,NEUQUEN,72280
2019-07-01,RIO NEGRO,44045
2019-07-01,SALTA,41228
2019-07-01,SAN JUAN,40567
2019-07-01,SAN LUIS,41828
2019-07-01,SANTA CRUZ,90508
2019-07-01,SANTA FE,44966
2019-07-01,SANTIAGO DEL ESTERO,27783
2019-07-01,TIERRA DEL FUEGO,65757
2019-07-01,TUCUMAN,34680
2019-08-01,BUENOS AIRES,47942
2019-08-01,CAPITAL FEDERAL,58484
2019-08-01,CATAMARCA,37651
2019-08-01,CHACO,38261
2019-08-01,CHUBUT,74303
2019-08-01,CORDOBA,45538
2019-08-01,CORRIENTES,37538
2019-08-01,ENTRE RIOS,41443
2019-08-01,FORMOSA,41511
2019-08-01,JUJUY,33329
2019-08-01,LA PAMPA,50277
2019-08-01,LA RIOJA,34155
2019-08-01,MENDOZA,41365
2019-08-01,MISIONES,35120
2019-08-01,NEUQUEN,72390
2019-08-01,RIO NEGRO,45472
2019-08-01,SALTA,42783
2019-08-01,SAN JUAN,42140
2019-08-01,SAN LUIS,43128
2019-08-01,SANTA CRUZ,96723
2019-08-01,SANTA FE,46018
2019-08-01,SANTIAGO DEL ESTERO,27314
2019-08-01,TIERRA DEL FUEGO,66678
2019-08-01,TUCUMAN,34325
2019-09-01,BUENOS AIRES,49237
2019-09-01,CAPITAL FEDERAL,61300
2019-09-01,CATAMARCA,38576
2019-09-01,CHACO,41422
2019-09-01,CHUBUT,74100
2019-09-01,CORDOBA,46575
2019-09-01,CORRIENTES,38924
2019-09-01,ENTRE RIOS,41384
2019-09-01,FORMOSA,43417
2019-09-01,JUJUY,34455
2019-09-01,LA PAMPA,52868
2019-09-01,LA RIOJA,34980
2019-09-01,MENDOZA,42629
2019-09-01,MISIONES,35892
2019-09-01,NEUQUEN,74474
2019-09-01,RIO NEGRO,46989
2019-09-01,SALTA,44473
2019-09-01,SAN JUAN,43536
2019-09-01,SAN LUIS,46215
2019-09-01,SANTA CRUZ,92800
2019-09-01,SANTA FE,47507
2019-09-01,SANTIAGO DEL ESTERO,28454
2019-09-01,TIERRA DEL FUEGO,66407
2019-09-01,TUCUMAN,35211
2019-10-01,BUENOS AIRES,52327
2019-10-01,CAPITAL FEDERAL,65606
2019-10-01,CATAMARCA,40545
2019-10-01,CHACO,40993
2019-10-01,CHUBUT,77922
2019-10-01,CORDOBA,50119
2019-10-01,CORRIENTES,41153
2019-10-01,ENTRE RIOS,42258
2019-10-01,FORMOSA,44344
2019-10-01,JUJUY,36676
2019-10-01,LA PAMPA,55921
2019-10-01,LA RIOJA,41460
2019-10-01,MENDOZA,44769
2019-10-01,MISIONES,38124
2019-10-01,NEUQUEN,79637
2019-10-01,RIO NEGRO,49208
2019-10-01,SALTA,46047
2019-10-01,SAN JUAN,46077
2019-10-01,SAN LUIS,51048
2019-10-01,SANTA CRUZ,101572
2019-10-01,SANTA FE,50844
2019-10-01,SANTIAGO DEL ESTERO,29087
2019-10-01,TIERRA DEL FUEGO,68548
2019-10-01,TUCUMAN,41129
2019-11-01,BUENOS AIRES,53123
2019-11-01,CAPITAL FEDERAL,65551
2019-11-01,CATAMARCA,42075
2019-11-01,CHACO,42601
2019-11-01,CHUBUT,81909
2019-11-01,CORDOBA,50173
2019-11-01,CORRIENTES,45136
2019-11-01,ENTRE RIOS,44363
2019-11-01,FORMOSA,44590
2019-11-01,JUJUY,37626
2019-11-01,LA PAMPA,56457
2019-11-01,LA RIOJA,37801
2019-11-01,MENDOZA,46134
2019-11-01,MISIONES,38165
2019-11-01,NEUQUEN,83982
2019-11-01,RIO NEGRO,49580
2019-11-01,SALTA,47058
2019-11-01,SAN JUAN,47515
2019-11-01,SAN LUIS,48608
2019-11-01,SANTA CRUZ,94332
2019-11-01,SANTA FE,51510
2019-11-01,SANTIAGO DEL ESTERO,29351
2019-11-01,TIERRA DEL FUEGO,79026
2019-11-01,TUCUMAN,40528
2019-12-01,BUENOS AIRES,76600
2019-12-01,CAPITAL FEDERAL,95997
2019-12-01,CATAMARCA,64045
2019-12-01,CHACO,59523
2019-12-01,CHUBUT,113465
2019-12-01,CORDOBA,74771
2019-12-01,CORRIENTES,60512
2019-12-01,ENTRE RIOS,65870
2019-12-01,FORMOSA,61549
2019-12-01,JUJUY,52807
2019-12-01,LA PAMPA,81036
2019-12-01,LA RIOJA,53292
2019-12-01,MENDOZA,65842
2019-12-01,MISIONES,53159
2019-12-01,NEUQUEN,119818
2019-12-01,RIO NEGRO,71640
2019-12-01,SALTA,69749
2019-12-01,SAN JUAN,70577
2019-12-01,SAN LUIS,70961
2019-12-01,SANTA CRUZ,138853
2019-12-01,SANTA FE,75405
2019-12-01,SANTIAGO DEL ESTERO,43098
2019-12-01,TIERRA DEL FUEGO,103401
2019-12-01,TUCUMAN,60014
2020-01-01,BUENOS AIRES,58943
2020-01-01,CAPITAL FEDERAL,76627
2020-01-01,CATAMARCA,47096
2020-01-01,CHACO,44615
2020-01-01,CHUBUT,90751
2020-01-01,CORDOBA,57037
2020-01-01,CORRIENTES,45905
2020-01-01,ENTRE RIOS,49418
2020-01-01,FORMOSA,46341
2020-01-01,JUJUY,39191
2020-01-01,LA PAMPA,65951
2020-01-01,LA RIOJA,38078
2020-01-01,MENDOZA,51603
2020-01-01,MISIONES,40713
2020-01-01,NEUQUEN,89972
2020-01-01,RIO NEGRO,51717
2020-01-01,SALTA,50080
2020-01-01,SAN JUAN,56295
2020-01-01,SAN LUIS,53581
2020-01-01,SANTA CRUZ,103845
2020-01-01,SANTA FE,58284
2020-01-01,SANTIAGO DEL ESTERO,31053
2020-01-01,TIERRA DEL FUEGO,75887
2020-01-01,TUCUMAN,43673
2020-02-01,BUENOS AIRES,59449
2020-02-01,CAPITAL FEDERAL,77034
2020-02-01,CATAMARCA,45350
2020-02-01,CHACO,44108
2020-02-01,CHUBUT,93396
2020-02-01,CORDOBA,55686
2020-02-01,CORRIENTES,45578
2020-02-01,ENTRE RIOS,50124
2020-02-01,FORMOSA,45535
2020-02-01,JUJUY,38783
2020-02-01,LA PAMPA,65191
2020-02-01,LA RIOJA,36174
2020-02-01,MENDOZA,51095
2020-02-01,MISIONES,42819
2020-02-01,NEUQUEN,90038
2020-02-01,RIO NEGRO,55362
2020-02-01,SALTA,51734
2020-02-01,SAN JUAN,56057
2020-02-01,SAN LUIS,52188
2020-02-01,SANTA CRUZ,113677
2020-02-01,SANTA FE,58443
2020-02-01,SANTIAGO DEL ESTERO,31109
2020-02-01,TIERRA DEL FUEGO,77705
2020-02-01,TUCUMAN,43934
2020-03-01,BUENOS AIRES,62233
2020-03-01,CAPITAL FEDERAL,80236
2020-03-01,CATAMARCA,46340
2020-03-01,CHACO,45624
2020-03-01,CHUBUT,90115
2020-03-01,CORDOBA,55816
2020-03-01,CORRIENTES,47610
2020-03-01,ENTRE RIOS,51627
2020-03-01,FORMOSA,48118
2020-03-01,JUJUY,38667
2020-03-01,LA PAMPA,62845
2020-03-01,LA RIOJA,36511
2020-03-01,MENDOZA,50094
2020-03-01,MISIONES,43293
2020-03-01,NEUQUEN,91611
2020-03-01,RIO NEGRO,55859
2020-03-01,SALTA,54686
2020-03-01,SAN JUAN,53853
2020-03-01,SAN LUIS,55281
2020-03-01,SANTA CRUZ,111815
2020-03-01,SANTA FE,58779
2020-03-01,SANTIAGO DEL ESTERO,37430
2020-03-01,TIERRA DEL FUEGO,79787
2020-03-01,TUCUMAN,43664
2020-04-01,BUENOS AIRES,58845
2020-04-01,CAPITAL FEDERAL,74728
2020-04-01,CATAMARCA,45283
2020-04-01,CHACO,47068
2020-04-01,CHUBUT,85780
2020-04-01,CORDOBA,55171
2020-04-01,CORRIENTES,48505
2020-04-01,ENTRE RIOS,50940
2020-04-01,FORMOSA,49595
2020-04-01,JUJUY,38668
2020-04-01,LA PAMPA,61994
2020-04-01,LA RIOJA,37599
2020-04-01,MENDOZA,49448
2020-04-01,MISIONES,42585
2020-04-01,NEUQUEN,82848
2020-04-01,RIO NEGRO,54300
2020-04-01,SALTA,54218
2020-04-01,SAN JUAN,54146
2020-04-01,SAN LUIS,54492
2020-04-01,SANTA CRUZ,95683
2020-04-01,SANTA FE,57507
2020-04-01,SANTIAGO DEL ESTERO,36768
2020-04-01,TIERRA DEL FUEGO,75869
2020-04-01,TUCUMAN,41959
2020-05-01,BUENOS AIRES,59051
2020-05-01,CAPITAL FEDERAL,73606
2020-05-01,CATAMARCA,45932
2020-05-01,CHACO,47202
2020-05-01,CHUBUT,89137
2020-05-01,CORDOBA,55270
2020-05-01,CORRIENTES,48480
2020-05-01,ENTRE RIOS,51195
2020-05-01,FORMOSA,50109
2020-05-01,JUJUY,39204
2020-05-01,LA PAMPA,62980
2020-05-01,LA RIOJA,38052
2020-05-01,MENDOZA,50659
2020-05-01,MISIONES,42946
2020-05-01,NEUQUEN,91209
2020-05-01,RIO NEGRO,54276
2020-05-01,SALTA,55266
2020-05-01,SAN JUAN,54741
2020-05-01,SAN LUIS,55671
2020-05-01,SANTA CRUZ,101917
2020-05-01,SANTA FE,58675
2020-05-01,SANTIAGO DEL ESTERO,37650
2020-05-01,TIERRA DEL FUEGO,80912
2020-05-01,TUCUMAN,44182
2020-06-01,BUENOS AIRES,86742
2020-06-01,CAPITAL FEDERAL,106608
2020-06-01,CATAMARCA,67861
2020-06-01,CHACO,68220
2020-06-01,CHUBUT,117766
2020-06-01,CORDOBA,82271
2020-06-01,CORRIENTES,70101
2020-06-01,ENTRE RIOS,74120
2020-06-01,FORMOSA,70024
2020-06-01,JUJUY,57296
2020-06-01,LA PAMPA,91069
2020-06-01,LA RIOJA,56098
2020-06-01,MENDOZA,66621
2020-06-01,MISIONES,59687
2020-06-01,NEUQUEN,124867
2020-06-01,RIO NEGRO,78277
2020-06-01,SALTA,82391
2020-06-01,SAN JUAN,80906
2020-06-01,SAN LUIS,83763
2020-06-01,SANTA CRUZ,137664
2020-06-01,SANTA FE,85938
2020-06-01,SANTIAGO DEL ESTERO,55647
2020-06-01,TIERRA DEL FUEGO,107503
2020-06-01,TUCUMAN,62605
2020-07-01,BUENOS AIRES,62454
2020-07-01,CAPITAL FEDERAL,79419
2020-07-01,CATAMARCA,47553
2020-07-01,CHACO,47975
2020-07-01,CHUBUT,95489
2020-07-01,CORDOBA,58558
2020-07-01,CORRIENTES,51905
2020-07-01,ENTRE RIOS,53427
2020-07-01,FORMOSA,51724
2020-07-01,JUJUY,40827
2020-07-01,LA PAMPA,67955
2020-07-01,LA RIOJA,41283
2020-07-01,MENDOZA,52793
2020-07-01,MISIONES,44560
2020-07-01,NEUQUEN,90976
2020-07-01,RIO NEGRO,56485
2020-07-01,SALTA,61031
2020-07-01,SAN JUAN,56536
2020-07-01,SAN LUIS,59716
2020-07-01,SANTA CRUZ,104217
2020-07-01,SANTA FE,61497
2020-07-01,SANTIAGO DEL ESTERO,38663
2020-07-01,TIERRA DEL FUEGO,87655
2020-07-01,TUCUMAN,46883
2020-08-01,BUENOS AIRES,63768
2020-08-01,CAPITAL FEDERAL,79585
2020-08-01,CATAMARCA,48386
2020-08-01,CHACO,49108
2020-08-01,CHUBUT,104593
2020-08-01,CORDOBA,59821
2020-08-01,CORRIENTES,52020
2020-08-01,ENTRE RIOS,53446
2020-08-01,FORMOSA,54715
2020-08-01,JUJUY,40761
2020-08-01,LA PAMPA,67734
2020-08-01,LA RIOJA,40920
2020-08-01,MENDOZA,53131
2020-08-01,MISIONES,45085
2020-08-01,NEUQUEN,89923
2020-08-01,RIO NEGRO,56408
2020-08-01,SALTA,60635
2020-08-01,SAN JUAN,56588
2020-08-01,SAN LUIS,60754
2020-08-01,SANTA CRUZ,117148
2020-08-01,SANTA FE,62186
2020-08-01,SANTIAGO DEL ESTERO,38707
2020-08-01,TIERRA DEL FUEGO,83343
2020-08-01,TUCUMAN,45291
2020-09-01,BUENOS AIRES,65516
2020-09-01,CAPITAL FEDERAL,82146
2020-09-01,CATAMARCA,48707
2020-09-01,CHACO,51127
2020-09-01,CHUBUT,101632
2020-09-01,CORDOBA,61554
2020-09-01,CORRIENTES,52541
2020-09-01,ENTRE RIOS,53510
2020-09-01,FORMOSA,53962
2020-09-01,JUJUY,43501
2020-09-01,LA PAMPA,69338
2020-09-01,LA RIOJA,41457
2020-09-01,MENDOZA,55079
2020-09-01,MISIONES,52048
2020-09-01,NEUQUEN,93900
2020-09-01,RIO NEGRO,58706
2020-09-01,SALTA,61190
2020-09-01,SAN JUAN,57006
2020-09-01,SAN LUIS,60725
2020-09-01,SANTA CRUZ,120275
2020-09-01,SANTA FE,64957
2020-09-01,SANTIAGO DEL ESTERO,38954
2020-09-01,TIERRA DEL FUEGO,89481
2020-09-01,TUCUMAN,46274
2020-10-01,BUENOS AIRES,70448
2020-10-01,CAPITAL FEDERAL,86023
2020-10-01,CATAMARCA,53183
2020-10-01,CHACO,52772
2020-10-01,CHUBUT,101588
2020-10-01,CORDOBA,64292
2020-10-01,CORRIENTES,57374
2020-10-01,ENTRE RIOS,56558
2020-10-01,FORMOSA,55770
2020-10-01,JUJUY,44490
2020-10-01,LA PAMPA,72773
2020-10-01,LA RIOJA,43147
2020-10-01,MENDOZA,60682
2020-10-01,MISIONES,55192
2020-10-01,NEUQUEN,95359
2020-10-01,RIO NEGRO,64033
2020-10-01,SALTA,63839
2020-10-01,SAN JUAN,60712
2020-10-01,SAN LUIS,63747
2020-10-01,SANTA CRUZ,128084
2020-10-01,SANTA FE,69491
2020-10-01,SANTIAGO DEL ESTERO,40249
2020-10-01,TIERRA DEL FUEGO,93269
2020-10-01,TUCUMAN,49147
2020-11-01,BUENOS AIRES,71407
2020-11-01,CAPITAL FEDERAL,89069
2020-11-01,CATAMARCA,53827
2020-11-01,CHACO,53881
2020-11-01,CHUBUT,104322
2020-11-01,CORDOBA,67313
2020-11-01,CORRIENTES,59267
2020-11-01,ENTRE RIOS,57985
2020-11-01,FORMOSA,57198
2020-11-01,JUJUY,46438
2020-11-01,LA PAMPA,74367
2020-11-01,LA RIOJA,43847
2020-11-01,MENDOZA,57829
2020-11-01,MISIONES,56174
2020-11-01,NEUQUEN,98500
2020-11-01,RIO NEGRO,64841
2020-11-01,SALTA,64480
2020-11-01,SAN JUAN,61573
2020-11-01,SAN LUIS,65445
2020-11-01,SANTA CRUZ,129673
2020-11-01,SANTA FE,68401
2020-11-01,SANTIAGO DEL ESTERO,40656
2020-11-01,TIERRA DEL FUEGO,96386
2020-11-01,TUCUMAN,50104
2020-12-01,BUENOS AIRES,106478
2020-12-01,CAPITAL FEDERAL,129454
2020-12-01,CATAMARCA,86457
2020-12-01,CHACO,77138
2020-12-01,CHUBUT,143188
2020-12-01,CORDOBA,98741
2020-12-01,CORRIENTES,86264
2020-12-01,ENTRE RIOS,85417
2020-12-01,FORMOSA,85783
2020-12-01,JUJUY,69142
2020-12-01,LA PAMPA,109181
2020-12-01,LA RIOJA,65334
2020-12-01,MENDOZA,84103
2020-12-01,MISIONES,77857
2020-12-01,NEUQUEN,138025
2020-12-01,RIO NEGRO,95172
2020-12-01,SALTA,95311
2020-12-01,SAN JUAN,90733
2020-12-01,SAN LUIS,98761
2020-12-01,SANTA CRUZ,175796
2020-12-01,SANTA FE,100312
2020-12-01,SANTIAGO DEL ESTERO,60790
2020-12-01,TIERRA DEL FUEGO,146422
2020-12-01,TUCUMAN,74255
2021-01-01,BUENOS AIRES,79039
2021-01-01,CAPITAL FEDERAL,104203
2021-01-01,CATAMARCA,61938
2021-01-01,CHACO,56758
2021-01-01,CHUBUT,115398
2021-01-01,CORDOBA,73948
2021-01-01,CORRIENTES,64181
2021-01-01,ENTRE RIOS,63315
2021-01-01,FORMOSA,55201
2021-01-01,JUJUY,50825
2021-01-01,LA PAMPA,84475
2021-01-01,LA RIOJA,45552
2021-01-01,MENDOZA,61130
2021-01-01,MISIONES,58959
2021-01-01,NEUQUEN,104706
2021-01-01,RIO NEGRO,67805
2021-01-01,SALTA,67804
2021-01-01,SAN JUAN,71694
2021-01-01,SAN LUIS,73145
2021-01-01,SANTA CRUZ,144084
2021-01-01,SANTA FE,78667
2021-01-01,SANTIAGO DEL ESTERO,42722
2021-01-01,TIERRA DEL FUEGO,103538
2021-01-01,TUCUMAN,53852
2021-02-01,BUENOS AIRES,79378
2021-02-01,CAPITAL FEDERAL,102619
2021-02-01,CATAMARCA,61537
2021-02-01,CHACO,57435
2021-02-01,CHUBUT,112923
2021-02-01,CORDOBA,73202
2021-02-01,CORRIENTES,64647
2021-02-01,ENTRE RIOS,65934
2021-02-01,FORMOSA,61559
2021-02-01,JUJUY,59758
2021-02-01,LA PAMPA,85737
2021-02-01,LA RIOJA,47643
2021-02-01,MENDOZA,61813
2021-02-01,MISIONES,66838
2021-02-01,NEUQUEN,102802
2021-02-01,RIO NEGRO,73279
2021-02-01,SALTA,71488
2021-02-01,SAN JUAN,68778
2021-02-01,SAN LUIS,71798
2021-02-01,SANTA CRUZ,146037
2021-02-01,SANTA FE,77579
2021-02-01,SANTIAGO DEL ESTERO,52554
2021-02-01,TIERRA DEL FUEGO,106127
2021-02-01,TUCUMAN,53677
2021-03-01,BUENOS AIRES,86792
2021-03-01,CAPITAL FEDERAL,111137
2021-03-01,CATAMARCA,96325
2021-03-01,CHACO,62092
2021-03-01,CHUBUT,112367
2021-03-01,CORDOBA,77699
2021-03-01,CORRIENTES,66271
2021-03-01,ENTRE RIOS,68287
2021-03-01,FORMOSA,66818
2021-03-01,JUJUY,53357
2021-03-01,LA PAMPA,88962
2021-03-01,LA RIOJA,48759
2021-03-01,MENDOZA,64340
2021-03-01,MISIONES,68266
2021-03-01,NEUQUEN,114848
2021-03-01,RIO NEGRO,75278
2021-03-01,SALTA,74613
2021-03-01,SAN JUAN,74766
2021-03-01,SAN LUIS,77749
2021-03-01,SANTA CRUZ,153688
2021-03-01,SANTA FE,83220
2021-03-01,SANTIAGO DEL ESTERO,54188
2021-03-01,TIERRA DEL FUEGO,114087
2021-03-01,TUCUMAN,59659
2021-04-01,BUENOS AIRES,88289
2021-04-01,CAPITAL FEDERAL,109568
2021-04-01,CATAMARCA,67911
2021-04-01,CHACO,64825
2021-04-01,CHUBUT,119559
2021-04-01,CORDOBA,81183
2021-04-01,CORRIENTES,68123
2021-04-01,ENTRE RIOS,69648
2021-04-01,FORMOSA,74186
2021-04-01,JUJUY,55860
2021-04-01,LA PAMPA,91638
2021-04-01,LA RIOJA,51925
2021-04-01,MENDOZA,66425
2021-04-01,MISIONES,69266
2021-04-01,NEUQUEN,116422
2021-04-01,RIO NEGRO,77963
2021-04-01,SALTA,76943
2021-04-01,SAN JUAN,77726
2021-04-01,SAN LUIS,79525
2021-04-01,SANTA CRUZ,148997
2021-04-01,SANTA FE,86156
2021-04-01,SANTIAGO DEL ESTERO,54672
2021-04-01,TIERRA DEL FUEGO,123128
2021-04-01,TUCUMAN,58643
2021-05-01,BUENOS AIRES,88463
2021-05-01,CAPITAL FEDERAL,106936
2021-05-01,CATAMARCA,69001
2021-05-01,CHACO,65484
2021-05-01,CHUBUT,120930
2021-05-01,CORDOBA,82182
2021-05-01,CORRIENTES,68998
2021-05-01,ENTRE RIOS,73122
2021-05-01,FORMOSA,70741
2021-05-01,JUJUY,56283
2021-05-01,LA PAMPA,91906
2021-05-01,LA RIOJA,53293
2021-05-01,MENDOZA,67873
2021-05-01,MISIONES,80837
2021-05-01,NEUQUEN,121715
2021-05-01,RIO NEGRO,80635
2021-05-01,SALTA,79464
2021-05-01,SAN JUAN,81049
2021-05-01,SAN LUIS,80103
2021-05-01,SANTA CRUZ,160096
2021-05-01,SANTA FE,86268
2021-05-01,SANTIAGO DEL ESTERO,54906
2021-05-01,TIERRA DEL FUEGO,123486
2021-05-01,TUCUMAN,59963
2021-06-01,BUENOS AIRES,129934
2021-06-01,CAPITAL FEDERAL,158752
2021-06-01,CATAMARCA,105019
2021-06-01,CHACO,96483
2021-06-01,CHUBUT,172576
2021-06-01,CORDOBA,120138
2021-06-01,CORRIENTES,100209
2021-06-01,ENTRE RIOS,106384
2021-06-01,FORMOSA,100983
2021-06-01,JUJUY,84146
2021-06-01,LA PAMPA,132229
2021-06-01,LA RIOJA,80394
2021-06-01,MENDOZA,97462
2021-06-01,MISIONES,86079
2021-06-01,NEUQUEN,164319
2021-06-01,RIO NEGRO,116890
2021-06-01,SALTA,117954
2021-06-01,SAN JUAN,117449
2021-06-01,SAN LUIS,118604
2021-06-01,SANTA CRUZ,223769
2021-06-01,SANTA FE,127594
2021-06-01,SANTIAGO DEL ESTERO,80848
2021-06-01,TIERRA DEL FUEGO,169137
2021-06-01,TUCUMAN,87203
2021-07-01,BUENOS AIRES,96762
2021-07-01,CAPITAL FEDERAL,118327
2021-07-01,CATAMARCA,72839
2021-07-01,CHACO,72778
2021-07-01,CHUBUT,137366
2021-07-01,CORDOBA,86740
2021-07-01,CORRIENTES,74773
2021-07-01,ENTRE RIOS,79201
2021-07-01,FORMOSA,81106
2021-07-01,JUJUY,61688
2021-07-01,LA PAMPA,98401
2021-07-01,LA RIOJA,56984
2021-07-01,MENDOZA,73654
2021-07-01,MISIONES,81429
2021-07-01,NEUQUEN,131958
2021-07-01,RIO NEGRO,85173
2021-07-01,SALTA,88013
2021-07-01,SAN JUAN,86083
2021-07-01,SAN LUIS,89434
2021-07-01,SANTA CRUZ,184199
2021-07-01,SANTA FE,93740
2021-07-01,SANTIAGO DEL ESTERO,57534
2021-07-01,TIERRA DEL FUEGO,131427
2021-07-01,TUCUMAN,65026
2021-08-01,BUENOS AIRES,98989
2021-08-01,CAPITAL FEDERAL,119968
2021-08-01,CATAMARCA,77345
2021-08-01,CHACO,75580
2021-08-01,CHUBUT,140657
2021-08-01,CORDOBA,89673
2021-08-01,CORRIENTES,76813
2021-08-01,ENTRE RIOS,80381
2021-08-01,FORMOSA,81896
2021-08-01,JUJUY,62697
2021-08-01,LA PAMPA,100439
2021-08-01,LA RIOJA,58388
2021-08-01,MENDOZA,75617
2021-08-01,MISIONES,84014
2021-08-01,NEUQUEN,134605
2021-08-01,RIO NEGRO,97824
2021-08-01,SALTA,92015
2021-08-01,SAN JUAN,88483
2021-08-01,SAN LUIS,89470
2021-08-01,SANTA CRUZ,190928
2021-08-01,SANTA FE,96054
2021-08-01,SANTIAGO DEL ESTERO,57984
2021-08-01,TIERRA DEL FUEGO,136224
2021-08-01,TUCUMAN,67157
2021-09-01,BUENOS AIRES,102194
2021-09-01,CAPITAL FEDERAL,128356
2021-09-01,CATAMARCA,78603
2021-09-01,CHACO,78146
2021-09-01,CHUBUT,141606
2021-09-01,CORDOBA,93153
2021-09-01,CORRIENTES,78215
2021-09-01,ENTRE RIOS,84132
2021-09-01,FORMOSA,85280
2021-09-01,JUJUY,66806
2021-09-01,LA PAMPA,104371
2021-09-01,LA RIOJA,64625
2021-09-01,MENDOZA,79030
2021-09-01,MISIONES,86297
2021-09-01,NEUQUEN,142913
2021-09-01,RIO NEGRO,102647
2021-09-01,SALTA,93996
2021-09-01,SAN JUAN,90102
2021-09-01,SAN LUIS,91096
2021-09-01,SANTA CRUZ,195008
2021-09-01,SANTA FE,99739
2021-09-01,SANTIAGO DEL ESTERO,59241
2021-09-01,TIERRA DEL FUEGO,145483
2021-09-01,TUCUMAN,69291
2021-10-01,BUENOS AIRES,107675
2021-10-01,CAPITAL FEDERAL,132921
2021-10-01,CATAMARCA,85421
2021-10-01,CHACO,83419
2021-10-01,CHUBUT,144558
2021-10-01,CORDOBA,97803
2021-10-01,CORRIENTES,82218
2021-10-01,ENTRE RIOS,88193
2021-10-01,FORMOSA,89106
2021-10-01,JUJUY,69598
2021-10-01,LA PAMPA,108293
2021-10-01,LA RIOJA,66532
2021-10-01,MENDOZA,83169
2021-10-01,MISIONES,89762
2021-10-01,NEUQUEN,144539
2021-10-01,RIO NEGRO,105580
2021-10-01,SALTA,97504
2021-10-01,SAN JUAN,95580
2021-10-01,SAN LUIS,97689
2021-10-01,SANTA CRUZ,188418
2021-10-01,SANTA FE,103993
2021-10-01,SANTIAGO DEL ESTERO,60151
2021-10-01,TIERRA DEL FUEGO,153740
2021-10-01,TUCUMAN,71754
2021-11-01,BUENOS AIRES,111780
2021-11-01,CAPITAL FEDERAL,137111
2021-11-01,CATAMARCA,86730
2021-11-01,CHACO,86274
2021-11-01,CHUBUT,147782
2021-11-01,CORDOBA,102500
2021-11-01,CORRIENTES,85240
2021-11-01,ENTRE RIOS,91074
2021-11-01,FORMOSA,94730
2021-11-01,JUJUY,71332
2021-11-01,LA PAMPA,112665
2021-11-01,LA RIOJA,68577
2021-11-01,MENDOZA,85877
2021-11-01,MISIONES,91869
2021-11-01,NEUQUEN,147301
2021-11-01,RIO NEGRO,108567
2021-11-01,SALTA,100334
2021-11-01,SAN JUAN,98846
2021-11-01,SAN LUIS,98853
2021-11-01,SANTA CRUZ,182927
2021-11-01,SANTA FE,107296
2021-11-01,SANTIAGO DEL ESTERO,61727
2021-11-01,TIERRA DEL FUEGO,155394
2021-11-01,TUCUMAN,74048
2021-12-01,BUENOS AIRES,168544
2021-12-01,CAPITAL FEDERAL,202975
2021-12-01,CATAMARCA,131040
2021-12-01,CHACO,124846
2021-12-01,CHUBUT,218065
2021-12-01,CORDOBA,150250
2021-12-01,CORRIENTES,126790
2021-12-01,ENTRE RIOS,136247
2021-12-01,FORMOSA,129113
2021-12-01,JUJUY,104206
2021-12-01,LA PAMPA,164538
2021-12-01,LA RIOJA,102272
2021-12-01,MENDOZA,123867
2021-12-01,MISIONES,127656
2021-12-01,NEUQUEN,225359
2021-12-01,RIO NEGRO,160224
2021-12-01,SALTA,148580
2021-12-01,SAN JUAN,144932
2021-12-01,SAN LUIS,151458
2021-12-01,SANTA CRUZ,288005
2021-12-01,SANTA FE,157300
2021-12-01,SANTIAGO DEL ESTERO,88279
2021-12-01,TIERRA DEL FUEGO,229944
2021-12-01,TUCUMAN,111072
2022-01-01,BUENOS AIRES,123019
2022-01-01,CAPITAL FEDERAL,162356
2022-01-01,CATAMARCA,92487
2022-01-01,CHACO,92882
2022-01-01,CHUBUT,164928
2022-01-01,CORDOBA,114088
2022-01-01,CORRIENTES,93290
2022-01-01,ENTRE RIOS,102104
2022-01-01,FORMOSA,88908
2022-01-01,JUJUY,76266
2022-01-01,LA PAMPA,129586
2022-01-01,LA RIOJA,78512
2022-01-01,MENDOZA,92894
2022-01-01,MISIONES,97583
2022-01-01,NEUQUEN,164270
2022-01-01,RIO NEGRO,113839
2022-01-01,SALTA,106961
2022-01-01,SAN JUAN,116789
2022-01-01,SAN LUIS,109793
2022-01-01,SANTA CRUZ,217186
2022-01-01,SANTA FE,119068
2022-01-01,SANTIAGO DEL ESTERO,78778
2022-01-01,TIERRA DEL FUEGO,165758
2022-01-01,TUCUMAN,79947
2022-02-01,BUENOS AIRES,122127
2022-02-01,CAPITAL FEDERAL,161042
2022-02-01,CATAMARCA,91364
2022-02-01,CHACO,92033
2022-02-01,CHUBUT,171569
2022-02-01,CORDOBA,111261
2022-02-01,CORRIENTES,93250
2022-02-01,ENTRE RIOS,102514
2022-02-01,FORMOSA,96488
2022-02-01,JUJUY,76445
2022-02-01,LA PAMPA,128096
2022-02-01,LA RIOJA,76569
2022-02-01,MENDOZA,93006
2022-02-01,MISIONES,99709
2022-02-01,NEUQUEN,165246
2022-02-01,RIO NEGRO,121851
2022-02-01,SALTA,114332
2022-02-01,SAN JUAN,112952
2022-02-01,SAN LUIS,106912
2022-02-01,SANTA CRUZ,243354
2022-02-01,SANTA FE,119992
2022-02-01,SANTIAGO DEL ESTERO,80118
2022-02-01,TIERRA DEL FUEGO,166302
2022-02-01,TUCUMAN,79350
2022-03-01,BUENOS AIRES,139244
2022-03-01,CAPITAL FEDERAL,179214
2022-03-01,CATAMARCA,102688
2022-03-01,CHACO,101850
2022-03-01,CHUBUT,183787
2022-03-01,CORDOBA,123486
2022-03-01,CORRIENTES,101835
2022-03-01,ENTRE RIOS,113896
2022-03-01,FORMOSA,109412
2022-03-01,JUJUY,82705
2022-03-01,LA PAMPA,135934
2022-03-01,LA RIOJA,81838
2022-03-01,MENDOZA,103247
2022-03-01,MISIONES,104649
2022-03-01,NEUQUEN,195075
2022-03-01,RIO NEGRO,129253
2022-03-01,SALTA,121299
2022-03-01,SAN JUAN,120798
2022-03-01,SAN LUIS,119541
2022-03-01,SANTA CRUZ,247923
2022-03-01,SANTA FE,133534
2022-03-01,SANTIAGO DEL ESTERO,83542
2022-03-01,TIERRA DEL FUEGO,181623
2022-03-01,TUCUMAN,91977
2022-04-01,BUENOS AIRES,141556
2022-04-01,CAPITAL FEDERAL,174632
2022-04-01,CATAMARCA,102646
2022-04-01,CHACO,103949
2022-04-01,CHUBUT,205191
2022-04-01,CORDOBA,127895
2022-04-01,CORRIENTES,103897
2022-04-01,ENTRE RIOS,118349
2022-04-01,FORMOSA,115184
2022-04-01,JUJUY,85969
2022-04-01,LA PAMPA,138892
2022-04-01,LA RIOJA,89291
2022-04-01,MENDOZA,108335
2022-04-01,MISIONES,111571
2022-04-01,NEUQUEN,209402
2022-04-01,RIO NEGRO,138332
2022-04-01,SALTA,128592
2022-04-01,SAN JUAN,124431
2022-04-01,SAN LUIS,122668
2022-04-01,SANTA CRUZ,256656
2022-04-01,SANTA FE,136798
2022-04-01,SANTIAGO DEL ESTERO,83804
2022-04-01,TIERRA DEL FUEGO,186242
2022-04-01,TUCUMAN,90097
2022-05-01,BUENOS AIRES,149311
2022-05-01,CAPITAL FEDERAL,181916
2022-05-01,CATAMARCA,110335
2022-05-01,CHACO,114864
2022-05-01,CHUBUT,210461
2022-05-01,CORDOBA,134230
2022-05-01,CORRIENTES,110049
2022-05-01,ENTRE RIOS,126134
2022-05-01,FORMOSA,118781
2022-05-01,JUJUY,91367
2022-05-01,LA PAMPA,146289
2022-05-01,LA RIOJA,93602
2022-05-01,MENDOZA,115067
2022-05-01,MISIONES,117825
2022-05-01,NEUQUEN,218534
2022-05-01,RIO NEGRO,149472
2022-05-01,SALTA,134598
2022-05-01,SAN JUAN,133646
2022-05-01,SAN LUIS,127767
2022-05-01,SANTA CRUZ,265933
2022-05-01,SANTA FE,144484
2022-05-01,SANTIAGO DEL ESTERO,86552
2022-05-01,TIERRA DEL FUEGO,201192
2022-05-01,TUCUMAN,95102
2022-06-01,BUENOS AIRES,215508
2022-06-01,CAPITAL FEDERAL,266527
2022-06-01,CATAMARCA,169181
2022-06-01,CHACO,161130
2022-06-01,CHUBUT,298600
2022-06-01,CORDOBA,199898
2022-06-01,CORRIENTES,158916
2022-06-01,ENTRE RIOS,183162
2022-06-01,FORMOSA,178724
2022-06-01,JUJUY,135297
2022-06-01,LA PAMPA,213060
2022-06-01,LA RIOJA,145374
2022-06-01,MENDOZA,165314
2022-06-01,MISIONES,162711
2022-06-01,NEUQUEN,296696
2022-06-01,RIO NEGRO,223072
2022-06-01,SALTA,204693
2022-06-01,SAN JUAN,224807
2022-06-01,SAN LUIS,195217
2022-06-01,SANTA CRUZ,404251
2022-06-01,SANTA FE,207818
2022-06-01,SANTIAGO DEL ESTERO,126894
2022-06-01,TIERRA DEL FUEGO,278284
2022-06-01,TUCUMAN,140556
2022-07-01,BUENOS AIRES,161621
2022-07-01,CAPITAL FEDERAL,201098
2022-07-01,CATAMARCA,125254
2022-07-01,CHACO,126268
2022-07-01,CHUBUT,241403
2022-07-01,CORDOBA,148257
2022-07-01,CORRIENTES,124172
2022-07-01,ENTRE RIOS,135436
2022-07-01,FORMOSA,139741
2022-07-01,JUJUY,103922
2022-07-01,LA PAMPA,163842
2022-07-01,LA RIOJA,105381
2022-07-01,MENDOZA,124945
2022-07-01,MISIONES,131041
2022-07-01,NEUQUEN,244108
2022-07-01,RIO NEGRO,162325
2022-07-01,SALTA,153969
2022-07-01,SAN JUAN,161686
2022-07-01,SAN LUIS,146297
2022-07-01,SANTA CRUZ,313562
2022-07-01,SANTA FE,155392
2022-07-01,SANTIAGO DEL ESTERO,90890
2022-07-01,TIERRA DEL FUEGO,230393
2022-07-01,TUCUMAN,103903
2022-08-01,BUENOS AIRES,169039
2022-08-01,CAPITAL FEDERAL,210378
2022-08-01,CATAMARCA,130635
2022-08-01,CHACO,135559
2022-08-01,CHUBUT,256815
2022-08-01,CORDOBA,155569
2022-08-01,CORRIENTES,137049
2022-08-01,ENTRE RIOS,149907
2022-08-01,FORMOSA,146235
2022-08-01,JUJUY,112160
2022-08-01,LA PAMPA,177891
2022-08-01,LA RIOJA,109762
2022-08-01,MENDOZA,135084
2022-08-01,MISIONES,143377
2022-08-01,NEUQUEN,258058
2022-08-01,RIO NEGRO,176703
2022-08-01,SALTA,163970
2022-08-01,SAN JUAN,167832
2022-08-01,SAN LUIS,152046
2022-08-01,SANTA CRUZ,335198
2022-08-01,SANTA FE,165424
2022-08-01,SANTIAGO DEL ESTERO,96009
2022-08-01,TIERRA DEL FUEGO,237927
2022-08-01,TUCUMAN,111586
2022-09-01,BUENOS AIRES,185021
2022-09-01,CAPITAL FEDERAL,226975
2022-09-01,CATAMARCA,145957
2022-09-01,CHACO,145021
2022-09-01,CHUBUT,268016
2022-09-01,CORDOBA,167136
2022-09-01,CORRIENTES,141803
2022-09-01,ENTRE RIOS,160873
2022-09-01,FORMOSA,155775
2022-09-01,JUJUY,119510
2022-09-01,LA PAMPA,187220
2022-09-01,LA RIOJA,119532
2022-09-01,MENDOZA,143113
2022-09-01,MISIONES,147763
2022-09-01,NEUQUEN,277382
2022-09-01,RIO NEGRO,188513
2022-09-01,SALTA,176199
2022-09-01,SAN JUAN,175233
2022-09-01,SAN LUIS,160972
2022-09-01,SANTA CRUZ,335795
2022-09-01,SANTA FE,173890
2022-09-01,SANTIAGO DEL ESTERO,112701
2022-09-01,TIERRA DEL FUEGO,248277
2022-09-01,TUCUMAN,115766
2022-10-01,BUENOS AIRES,195326
2022-10-01,CAPITAL FEDERAL,240507
2022-10-01,CATAMARCA,151595
2022-10-01,CHACO,156531
2022-10-01,CHUBUT,273507
2022-10-01,CORDOBA,174995
2022-10-01,CORRIENTES,147662
2022-10-01,ENTRE RIOS,166468
2022-10-01,FORMOSA,166726
2022-10-01,JUJUY,128400
2022-10-01,LA PAMPA,197641
2022-10-01,LA RIOJA,123764
2022-10-01,MENDOZA,151172
2022-10-01,MISIONES,160373
2022-10-01,NEUQUEN,297507
2022-10-01,RIO NEGRO,196040
2022-10-01,SALTA,185960
2022-10-01,SAN JUAN,185908
2022-10-01,SAN LUIS,173213
2022-10-01,SANTA CRUZ,337008
2022-10-01,SANTA FE,193760
2022-10-01,SANTIAGO DEL ESTERO,115698
2022-10-01,TIERRA DEL FUEGO,268255
2022-10-01,TUCUMAN,125727
2022-11-01,BUENOS AIRES,209030
2022-11-01,CAPITAL FEDERAL,259502
2022-11-01,CATAMARCA,163572
2022-11-01,CHACO,164532
2022-11-01,CHUBUT,297411
2022-11-01,CORDOBA,190074
2022-11-01,CORRIENTES,163303
2022-11-01,ENTRE RIOS,183315
2022-11-01,FORMOSA,179889
2022-11-01,JUJUY,136450
2022-11-01,LA PAMPA,205189
2022-11-01,LA RIOJA,128886
2022-11-01,MENDOZA,160306
2022-11-01,MISIONES,174016
2022-11-01,NEUQUEN,318796
2022-11-01,RIO NEGRO,211143
2022-11-01,SALTA,196611
2022-11-01,SAN JUAN,198617
2022-11-01,SAN LUIS,184686
2022-11-01,SANTA CRUZ,375575
2022-11-01,SANTA FE,201284
2022-11-01,SANTIAGO DEL ESTERO,120147
2022-11-01,TIERRA DEL FUEGO,297923
2022-11-01,TUCUMAN,131779
2022-12-01,BUENOS AIRES,325456
2022-12-01,CAPITAL FEDERAL,402330
2022-12-01,CATAMARCA,255195
2022-12-01,CHACO,255311
2022-12-01,CHUBUT,441053
2022-12-01,CORDOBA,302572
2022-12-01,CORRIENTES,251379
2022-12-01,ENTRE RIOS,281148
2022-12-01,FORMOSA,281041
2022-12-01,JUJUY,206266
2022-12-01,LA PAMPA,332548
2022-12-01,LA RIOJA,199425
2022-12-01,MENDOZA,243634
2022-12-01,MISIONES,242980
2022-12-01,NEUQUEN,481780
2022-12-01,RIO NEGRO,319023
2022-12-01,SALTA,306772
2022-12-01,SAN JUAN,304951
2022-12-01,SAN LUIS,293978
2022-12-01,SANTA CRUZ,552609
2022-12-01,SANTA FE,313673
2022-12-01,SANTIAGO DEL ESTERO,182002
2022-12-01,TIERRA DEL FUEGO,473821
2022-12-01,TUCUMAN,203728
2023-01-01,BUENOS AIRES,243001
2023-01-01,CAPITAL FEDERAL,318376
2023-01-01,CATAMARCA,184315
2023-01-01,CHACO,185723
2023-01-01,CHUBUT,351252
2023-01-01,CORDOBA,226007
2023-01-01,CORRIENTES,178755
2023-01-01,ENTRE RIOS,203032
2023-01-01,FORMOSA,204984
2023-01-01,JUJUY,148271
2023-01-01,LA PAMPA,254790
2023-01-01,LA RIOJA,149553
2023-01-01,MENDOZA,186972
2023-01-01,MISIONES,200457
2023-01-01,NEUQUEN,370858
2023-01-01,RIO NEGRO,229727
2023-01-01,SALTA,222030
2023-01-01,SAN JUAN,233852
2023-01-01,SAN LUIS,214069
2023-01-01,SANTA CRUZ,420617
2023-01-01,SANTA FE,239885
2023-01-01,SANTIAGO DEL ESTERO,129247
2023-01-01,TIERRA DEL FUEGO,327751
2023-01-01,TUCUMAN,153358
2023-02-01,BUENOS AIRES,244319
2023-02-01,CAPITAL FEDERAL,324332
2023-02-01,CATAMARCA,186363
2023-02-01,CHACO,186563
2023-02-01,CHUBUT,367908
2023-02-01,CORDOBA,224184
2023-02-01,CORRIENTES,179725
2023-02-01,ENTRE RIOS,203506
2023-02-01,FORMOSA,194762
2023-02-01,JUJUY,153938
2023-02-01,LA PAMPA,253935
2023-02-01,LA RIOJA,146475
2023-02-01,MENDOZA,193109
2023-02-01,MISIONES,211307
2023-02-01,NEUQUEN,391217
2023-02-01,RIO NEGRO,252608
2023-02-01,SALTA,241957
2023-02-01,SAN JUAN,238770
2023-02-01,SAN LUIS,218496
2023-02-01,SANTA CRUZ,478047
2023-02-01,SANTA FE,246116
2023-02-01,SANTIAGO DEL ESTERO,170408
2023-02-01,TIERRA DEL FUEGO,336833
2023-02-01,TUCUMAN,154914
2023-03-01,BUENOS AIRES,278404
2023-03-01,CAPITAL FEDERAL,367035
2023-03-01,CATAMARCA,213214
2023-03-01,CHACO,215902
2023-03-01,CHUBUT,386176
2023-03-01,CORDOBA,252333
2023-03-01,CORRIENTES,209606
2023-03-01,ENTRE RIOS,243922
2023-03-01,FORMOSA,238213
2023-03-01,JUJUY,173168
2023-03-01,LA PAMPA,283350
2023-03-01,LA RIOJA,155583
2023-03-01,MENDOZA,212850
2023-03-01,MISIONES,229347
2023-03-01,NEUQUEN,428796
2023-03-01,RIO NEGRO,272520
2023-03-01,SALTA,269460
2023-03-01,SAN JUAN,275915
2023-03-01,SAN LUIS,247822
2023-03-01,SANTA CRUZ,528746
2023-03-01,SANTA FE,275541
2023-03-01,SANTIAGO DEL ESTERO,179949
2023-03-01,TIERRA DEL FUEGO,404917
2023-03-01,TUCUMAN,172318
